company_name,company_number,company_type,incorporation_date,nature_of_business,registered_office_address,_score
CAMBRIDGE ASSOCIATES LIMITED,06135829,ltd,05-03-2007,"[64999,66190,66300, 96090]",62 Buckingham Gate London England SW1E 6AJ,15.0
TWO SIGMA INTERNATIONAL LIMITED,06486331,ltd,28-01-2008,"[64999,66120,66190, 66300]",Level 5 7 Devonshire Square London United Kingdom EC2M 4YH,15.0
SAUNDERSON HOUSE LIMITED,00940473,ltd,14-10-1968,"[64999,65110,65120, 66300]",30 Gresham Street London England EC2V 7QN,15.0
SAINTEMP INVESTMENTS LIMITED,05961819,ltd,10-10-2006,"[41100,66300,70229, 72190]",C/O Citygate Accountants Unit 1.01 East London Business Centre London England E1 1EJ,15.0
TRADERISKS LIMITED,04042506,ltd,28-07-2000,"[64999,66120,66300, 70229]",5 New Street Square London England EC4A 3TW,15.0
HR BANK LIMITED,04707000,ltd,21-03-2003,"[64929,64999,66110, 66300]",7 Bell Yard London England WC2A 2JR,15.0
COZETTE LTD,06969733,ltd,22-07-2009,"[64209,64304,64999, 66300]",4 Wimbledon Close London England SW20 8HW,15.0
GOLDCAPITAL INVESTMENTS LTD.,07107266,ltd,17-12-2009,"[64205,66110,66300, 82990]",27 Scott Gardens London England TW5 9JU,15.0
PHILIP J MILTON & COMPANY PLC,03233275,plc,02-08-1996,"[64205,64999, 66300]",Choweree House Barnstaple England EX31 1RP,15.0
MOMOESSA CAPITAL MANAGEMENT LIMITED,06819957,ltd,16-02-2009,"[64209,64303,64999, 66300]",Kemp House 160 City Road London United Kingdom EC1V 2NX,15.0
ESS GROUP INTERNATIONAL LTD,07710145,ltd,19-07-2011,"[41100,62020,66300, 82990]",3rd Floor 207 Regent Street London W1B 3HH,14.5
RESI CAPITAL MANAGEMENT LIMITED,07588964,ltd,04-04-2011,"[64999,66120,66190, 66300]",5 New Street Square London England EC4A 3TW,14.5
AGENZIA LIGURIA RUSSIA LTD,07808773,ltd,13-10-2011,"[64301,64999,66300, 82110]",167-169 Great Portland Street London W1W 5PF,14.5
MORNINGSTAR WEALTH ADMINISTRATION LIMITED,06016828,ltd,04-12-2006,"[64304,66190, 66300]",1 Oliver's Yard London England EC1Y 1HQ,14.0
B KING ASSOCIATES LTD,07477764,ltd,23-12-2010,"[63990,66300, 82990]",Flat 3 North Lodge London N22 7UB,14.0
MASTER FINCAPITAL LTD,07431816,ltd,08-11-2010,"[66190,66300, 70229]",C/O Rpgcc London England EC3V 0BT,14.0
PIERS COURT CAPITAL LIMITED,07454416,ltd,29-11-2010,"[64303,64999, 66300]",65 Cadogan Square London SW1X 0DY,14.0
PHOENIX UNIVERSAL  SOLUTIONS LIMITED,07116827,ltd,05-01-2010,"[66110,66120,66300, 70229]",10 Offord Grove Offord Grove Watford England WD25 7NE,14.0
FLUID7 LIMITED,05826599,ltd,23-05-2006,"[64999,66190,66300, 82990]",C11 Generator Hall Electric Wharf Coventry England CV1 4JL,14.0
MARSHALL STERLING ASSET MANAGEMENT LIMITED,06773042,ltd,15-12-2008,"[64303,64999, 66300]",27 Old Gloucester Street London England WC1N 3AX,14.0
MAHER BROWNSWORD LIMITED,04460050,ltd,13-06-2002,"[64922,66300,70221, 82990]",10 Guild Street Stratford-Upon-Avon CV37 6RE,14.0
CITY TRAINING LIMITED,03734888,ltd,17-03-1999,"[66120,66190,66300, 70221]",19 The Ridgeway null N3 2PG,14.0
STOCKDALE STREET LIMITED,04481271,ltd,09-07-2002,"[64205,66300, 70221]",1 Charterhouse Street London EC1N 6SA,14.0
AXM VENTURE CAPITAL (HOLDINGS) LIMITED,05355331,ltd,07-02-2005,"[64205,66300, 70229]",57g Randolph Avenue London W9 1BQ,14.0
PROMARKET INTERNATIONAL PLC,08251885,plc,12-10-2012,"[64205,64921,66220, 66300]","Unit 3,  Office A,  1st Floor London England EC3R 8EE",14.0
SAGE & HERMES LIMITED,02958215,ltd,12-08-1994,"[58110,58141,66190, 66300]",44 Worthington Road Surrey KT6 7RX,14.0
BOSTON INVESTMENT MANAGEMENT GROUP LIMITED,01007782,ltd,14-04-1971,"[64205,64303,66300, 70229]",Wildwoods Beaconsfield HP9 2NR,14.0
QUANTUM ENGINEERING CONSULTANCY LTD,07172848,ltd,01-03-2010,"[64303,64999,66300, 71122]",33a Norfolk Street Sunderland SR1 1EE,14.0
DUKE GODLEY FINANCIAL PLANNING LIMITED,02268794,ltd,17-06-1988,"[64999,65110,66220, 66300]",Congress House Harrow HA1 2EN,14.0
CAPITAL OIL LIMITED,05637488,ltd,28-11-2005,"[64209,64304,64999, 66300]",Office 1 Hatherton Court Walsall England WS4 2LA,14.0
SKYBOUND FINANCIAL PLANNING LIMITED,03116941,ltd,23-10-1995,"[65110,65300,66190, 66300]",Solent Business Park 4500 Parkway Fareham England PO15 7AZ,14.0
CONSULTIST LIMITED,04701671,ltd,18-03-2003,"[46900,66300,70229, 73200]",11 Middle Way Oxford England OX2 7LH,14.0
PLATINUM PURE CAPITAL LIMITED,07028208,ltd,23-09-2009,"[66120,66190, 66300]",236 Creighton Avenue London England N2 9BD,14.0
Z-VISIONS INNOVATIONS & PROJECT DEVELOPMENT LTD,08090382,ltd,31-05-2012,"[64303,64306,66300, 70229]",71-75 Shelton Street London United Kingdom WC2H 9JQ,14.0
UNITED INTERCONSULTING LIMITED,08029256,ltd,13-04-2012,"[64301,66300,70210, 70229]",85 Great Portland Street London England W1W 7LT,14.0
AITI HOLDINGS LIMITED,03949333,ltd,16-03-2000,"[66300,70221, 70229]",5th Floor 22 Eastcheap London England EC3M 1EU,14.0
BUSINESS MONEYBOX (SERVICES) LTD,07167287,ltd,24-02-2010,"[66300,68100, 70229]",117 Harlesden Road London England NW10 2BT,14.0
FAIREY ASSOCIATES LIMITED,06535124,ltd,14-03-2008,"[66190,66220,66290, 66300]",Mayfield Farm Hungerdown Lane Colchester CO7 7LZ,14.0
SAPIENTI LIMITED,07756538,ltd,30-08-2011,"[41100,66300,68209, 70229]",82a James Carter Road Officeserv Mildenhall England IP28 7DE,13.5
BEAUCLERC ADVISORY SERVICES LIMITED,07759898,ltd,02-09-2011,"[64999,66190, 66300]",20 North Audley Street London England W1K 6LX,13.5
JAY CAPITAL LTD,08386976,ltd,04-02-2013,"[64991,64999,66120, 66300]",3rd Floor Suite London England W1B 3HH,13.5
BEDROCK ASSET MANAGEMENT (UK) LTD,05171393,ltd,06-07-2004,"[66300, 70221]",33 Glasshouse Street London United Kingdom W1B 5DG,13.0
MURRAY ROUND WEALTH MANAGEMENT LIMITED,04010289,ltd,08-06-2000,"[66190,66290, 66300]",2 Claremont Bank Salop SY1 1RW,13.0
CHANTERELLE UNDERWRITING LIMITED,03853053,ltd,29-09-1999,"[65120,65202,65300, 66300]",5th Floor 40 Gracechurch Street London England EC3V 0BT,13.0
PARK FARM UNDERWRITING LIMITED,03848332,ltd,21-09-1999,"[65120,65202,65300, 66300]",5th Floor 40 Gracechurch Street London England EC3V 0BT,13.0
IAM INVEST LTD,04007950,ltd,05-06-2000,"[66300,70221, 82990]",4 Hill Street null W1J 5NE,13.0
WELLINGTON MANAGEMENT INTERNATIONAL LIMITED,04283513,ltd,07-09-2001,"[66300, 70221]",Cardinal Place London SW1E 5JL,13.0
BLACKROCK ADVISORS (UK) LIMITED,00796793,ltd,18-03-1964,"[64999, 66300]",12 Throgmorton Avenue London EC2N 2DL,13.0
BLACKROCK INVESTMENT MANAGEMENT (UK) LIMITED,02020394,ltd,16-05-1986,"[64999, 66300]",12 Throgmorton Avenue London EC2N 2DL,13.0
CLEAR FINANCIAL SOLUTIONS (MIDLANDS) LTD,07081690,ltd,19-11-2009,"[66190,66290, 66300]",195 Sandbed Lane Belper England DE56 0SL,13.0
HANSON ASSET MANAGEMENT LTD,07199183,ltd,23-03-2010,"[64999, 66300]",6 Arlington Street London SW1A 1RE,13.0
IAN DAVENPORT LIMITED,03848333,ltd,21-09-1999,"[65120,65202,65300, 66300]",5th Floor 40 Gracechurch Street London England EC3V 0BT,13.0
ALTIR UNDERWRITING LIMITED,03849926,ltd,24-09-1999,"[65120,65202,65300, 66300]",5th Floor 40 Gracechurch Street London England EC3V 0BT,13.0
KILLYGOWAN LIMITED,03829477,ltd,17-08-1999,"[65120,65202,65300, 66300]",5th Floor 40 Gracechurch Street London England EC3V 0BT,13.0
PB UNDERWRITING LIMITED,03852294,ltd,28-09-1999,"[65120,65202,65300, 66300]",5th Floor 40 Gracechurch Street London England EC3V 0BT,13.0
FORWARD UNDERWRITING LIMITED,03852289,ltd,28-09-1999,"[65120,65202,65300, 66300]",5th Floor 40 Gracechurch Street London England EC3V 0BT,13.0
FERRAVALE LIMITED,03641384,ltd,25-09-1998,"[65120,65202,65300, 66300]",5th Floor 40 Gracechurch Street London England EC3V 0BT,13.0
YATI CAPITAL LIMITED,07049453,ltd,20-10-2009,"[66190, 66300]",50 Braeburn Mansions 5 Mary Neuner Road London England N8 0FA,13.0
A J BUCKLEY ASSET MANAGEMENT LIMITED,02730015,ltd,09-07-1992,"[64999,66190, 66300]",The Old Rectory Weybridge KT13 8DE,13.0
KING & SHAXSON ASSET MANAGEMENT LIMITED,03870667,ltd,03-11-1999,"[64999, 66300]",155 Fenchurch Street London England EC3M 6AL,13.0
KNIGHT DOLLYS LIMITED,03853046,ltd,29-09-1999,"[65120,65202,65300, 66300]",5th Floor 40 Gracechurch Street London England EC3V 0BT,13.0
AINSWORTH CAPITAL LIMITED,07300332,ltd,30-06-2010,"[62020,66300, 70229]",22 The Chase Reigate RH2 7DH,13.0
CAPITAL INTERNATIONAL LIMITED,01613098,ltd,11-02-1982,"[64999, 66300]",1 Paddington Square London United Kingdom W2 1GL,13.0
CREATIVE CAPITAL FUND GENERAL PARTNER LIMITED,05349344,ltd,01-02-2005,"[66300, 70229]",57g Randolph Avenue London W9 1BQ,13.0
CAPEL COURT LIMITED,02686967,ltd,12-02-1992,"[64999,66120, 66300]",The Pavilions Eden Park Bristol United Kingdom BS20 0DD,13.0
INGATESTONE GOVERNANCE AND COMPLIANCE LIMITED,07447290,ltd,22-11-2010,"[64205,64304,66300, 68100]",146 New London Road Chelmsford England CM2 0AW,13.0
APOLLO MEDIA LTD,03192726,ltd,30-04-1996,"[59111,59113,64303, 66300]",Flat 8 30 Redcliffe Square London England SW10 9JY,13.0
COMMITTED CAPITAL LIMITED,04479415,ltd,08-07-2002,"[66300, 82990]",148-150 Buckingham Palace Road London England SW1W 9TR,13.0
BANQUE CAPITAL SUISSE LTD,08041240,ltd,23-04-2012,"[64205,64999,66300, 70100]",08041240 - COMPANIES HOUSE DEFAULT ADDRESS Cardiff CF14 8LH,13.0
SORS ASSET MANAGEMENT EUROPE LIMITED,07342518,ltd,11-08-2010,"[64999, 66300]",23 Berkeley Square London England W1J 6EJ,13.0
SELLEK WEALTH MANAGEMENT LIMITED,07243432,ltd,05-05-2010,"[66190,66290, 66300]",Hyak House Cheltenham GL54 5TH,13.0
MILBURN UNDERWRITING LIMITED,05227017,ltd,09-09-2004,"[65120,65202,65300, 66300]",5th Floor 70 Gracechurch Street London England EC3V 0XL,13.0
CAPRICORN FUND MANAGERS LIMITED,06849383,ltd,17-03-2009,"[64999, 66300]",2nd Floor Malta House London W1J 0DP,13.0
JENNER UNDERWRITING LIMITED,03849918,ltd,24-09-1999,"[65120,65202,65300, 66300]",5th Floor 40 Gracechurch Street London England EC3V 0BT,13.0
KILLIN UNDERWRITING LIMITED,03830302,ltd,18-08-1999,"[65120,65202,65300, 66300]",5th Floor 40 Gracechurch Street London England EC3V 0BT,13.0
INVESCO ASSET MANAGEMENT LIMITED,00949417,ltd,07-03-1969,"[66300,70100, 82990]",Perpetual Park Henley-On-Thames RG9 1HH,13.0
SCHRODER INVESTMENT MANAGEMENT LIMITED,01893220,ltd,07-03-1985,"[64999, 66300]",1 London Wall Place London England EC2Y 5AU,13.0
WELLES UNDERWRITING LIMITED,05226381,ltd,09-09-2004,"[65120,65202,65300, 66300]",5th Floor 40 Gracechurch Street London England EC3V 0BT,13.0
STAR CAPITAL PARTNERS LIMITED,03862379,ltd,15-10-1999,"[66300, 82990]",15th Floor 33 Cavendish Square London England W1G 0PW,13.0
PETER JOHNSON FINANCIAL PLANNING LTD,08248086,ltd,10-10-2012,"[65110,65300,66190, 66300]",13 Trinity Square Llandudno LL30 2RB,13.0
KELVEDON INVESTMENTS LTD,07242991,ltd,04-05-2010,"[66300,70229, 82990]",14b South Park Drive Gerrards Cross United Kingdom SL9 8JH,13.0
GL INTEGRITY FINANCIAL PLANNING LTD,05814248,ltd,11-05-2006,"[64999,66290, 66300]",Bristol & Bath Science Park Bristol & Bath Science Park Bristol England BS16 7FR,13.0
POLUS CAPITAL MANAGEMENT LIMITED,04885685,ltd,03-09-2003,"[64999, 66300]",Asticus Building London United Kingdom SW1H 0AD,13.0
CAPITAL PARTNERS LONDON LIMITED,03882524,ltd,24-11-1999,"[64999,66300, 82990]",C/O Gkp Viglen House Wembley England HA0 1HD,13.0
CAPITAL DYNAMICS LIMITED,02215798,ltd,01-02-1988,"[64999, 66300]",16 St. Martin's Le Grand London England EC1A 4EN,13.0
ALTERA PARTNERS MANAGEMENT LIMITED,04945309,ltd,28-10-2003,"[64999, 66300]",Berkeley Square House 2nd Floor Berkeley Square House London England W1J 6BD,13.0
ENVIRONMENTAL FINANCE LIMITED,08195029,ltd,29-08-2012,"[64303,66300, 70229]","W106 Vox Studios,  1-45 Durham Street London England SE11 5JH",13.0
RECLAIM FUND LTD,07344884,ltd,13-08-2010,"[64999, 66300]",27 Old Gloucester Street London United Kingdom WC1N 3AX,13.0
IMPAX ASSET MANAGEMENT LIMITED,03583839,ltd,18-06-1998,"[66300, 82990]",7th Floor 30 Panton Street London England SW1Y 4AJ,13.0
SORBIETREES UNDERWRITING LIMITED,04521649,ltd,29-08-2002,"[65120,65202,65300, 66300]",5th Floor 40 Gracechurch Street London England EC3V 0BT,13.0
GORE ANDREWS NAMECO LIMITED,03852297,ltd,28-09-1999,"[65120,65202,65300, 66300]",5th Floor 40 Gracechurch Street London England EC3V 0BT,13.0
VALENTINE UNDERWRITING LIMITED,03637376,ltd,18-09-1998,"[65120,65202,65300, 66300]",5th Floor 40 Gracechurch Street London England EC3V 0BT,13.0
A G SADOWSKI UNDERWRITING LIMITED,03840766,ltd,08-09-1999,"[65120,65202,65300, 66300]",5th Floor 40 Gracechurch Street London England EC3V 0BT,13.0
FINDOMESTIC LTD,08141652,ltd,12-07-2012,"[62090,64999,66300, 70229]",08141652 - COMPANIES HOUSE DEFAULT ADDRESS Cardiff CF14 8LH,13.0
AXM VENTURE CAPITAL LIMITED,05089856,ltd,31-03-2004,"[66300, 70229]",57g Randolph Avenue London W9 1BQ,13.0
SPARROWS CAPITAL LIMITED,08623416,ltd,24-07-2013,"[66190,66300, 70221]",35-37 Ludgate Hill London England EC4M 7JN,12.5
INGENIOUS CAPITAL MANAGEMENT LIMITED,07728908,ltd,04-08-2011,"[66300, 82990]",Myo Piccadilly London United Kingdom W1F 7BL,12.5
KHAGA LIMITED,07548762,ltd,02-03-2011,"[66300,68100,68310, 68320]",Flat 6 Fitzjohns Avenue London England NW3 6NP,12.5
SKF TRADING LIMITED,07678618,ltd,22-06-2011,"[66190, 66300]",181 Queen Victoria Street London England EC4V 4EG,12.5
FORTUNE TRADING & CONSULTANCY LTD,07501359,ltd,21-01-2011,"[64999,66300, 78109]",98 Parkway Erith England DA18 4HH,12.5
LOTUS INVESTMENT MANAGEMENT LTD,07765801,ltd,07-09-2011,"[66300, 70221]",33 Glasshouse Street London United Kingdom W1B 5DG,12.5
EPN INTERNATIONAL LIMITED,08688921,ltd,12-09-2013,"[64209,64999,66300, 68100]",103 High Street Waltham Cross England EN8 7AN,12.5
CLOUDBREAK LTD,07654377,ltd,01-06-2011,"[66300, 70229]","C/O Gorrie Whitson Limited,  1st Floor,  Cromwell House London England WC1V 6HZ",12.5
DREAM ADVERTISING LTD,09507691,ltd,25-03-2015,"[62090,64999,66300, 73110]",71-75 Shelton Street London England WC2H 9JQ,12.5
WISEST LIMITED,09541939,ltd,14-04-2015,"[64209,66300,69201, 70229]",25 Norway Gate London England SE16 7TR,12.5
CHIMARA LIMITED,08986533,ltd,08-04-2014,"[63990,64999, 66300]",124 City Road 124 City Road London United Kingdom EC1V 2NX,12.0
BORDIER & CIE (UK) PLC,01583393,plc,01-09-1981,[66300],23 King Street London SW1Y 6QY,12.0
ELLIOT FLETCHER LIMITED,05147846,ltd,08-06-2004,"[64999, 66300]",Yorkshire House 4th Floor Liverpool United Kingdom L3 9AG,12.0
FLETCHER KING INVESTMENT MANAGEMENT PLC,05862811,plc,30-06-2006,[66300],19-20 Great Pulteney Street London England W1F 9NF,12.0
COLLINS SARRI STATHAM INVESTMENTS LIMITED,06539190,ltd,19-03-2008,"[64999, 66300]",138 Fortis Green Road Muswell Hill United Kingdom N10 3DU,12.0
OMNICLOUT LIMITED,10314683,ltd,05-08-2016,"[46900,66110,66300, 70229]",2 - 8 Scrutton Street London England EC2A 4RT,12.0
INVESCO FUND MANAGERS LIMITED,00898166,ltd,14-02-1967,"[64999, 66300]",Perpetual Park Henley-On-Thames United Kingdom RG9 1HH,12.0
STARHA ENTERPRISES UK LTD,10389120,ltd,22-09-2016,"[62020,64205,66300, 70229]",32 St George Street London United Kingdom W1S 2EA,12.0
OAKRIDGE FINANCIAL PLANNING LIMITED,04477172,ltd,04-07-2002,"[65300,66220,66290, 66300]",197 Bakers Ground Bristol BS34 8GE,12.0
MARSHALL ZOING LIMITED,04615794,ltd,12-12-2002,"[66190, 66300]",Third Floor Liverpool United Kingdom L3 9SJ,12.0
SYNERGIC LINKS LIMITED,06277715,ltd,13-06-2007,"[62020,64205,65202, 66300]",164 Forum House Empire Way Wembley England HA9 0HL,12.0
AYRES PUNCHARD INVESTMENT MANAGEMENT LIMITED,06746940,ltd,11-11-2008,"[66190, 66300]",Tudor Mead Newport Road Ventnor PO38 2DF,12.0
RICHMOND SPRING CAPITAL PARTNERS LTD,10367157,ltd,09-09-2016,"[66190,66300,68100, 70229]",7 Stratford Place London England W1C 1AY,12.0
J H LOWSON & COMPANY LIMITED,08013456,ltd,30-03-2012,"[64999,66220, 66300]",16 Dalton Square Lancaster England LA1 1PL,12.0
HEDLEY & COMPANY STOCKBROKERS LIMITED,06355300,ltd,29-08-2007,"[64999, 66300]",Suite 20 Manor Court Salesbury Hall Road Preston England PR3 3XR,12.0
MAZAL E&Y LTD,06522503,ltd,04-03-2008,"[64303,66300, 68100]",35 Ballards Lane London N3 1XW,12.0
VR FINANZ E.G.,08867022,private-unlimited-nsc,29-01-2014,"[64205,66300,70221, 82990]",Companyplanet Unit Hounslow/Greater London England TW4 6JQ,12.0
CLIMATE INSULATION LIMITED,06869211,ltd,03-04-2009,"[41202,43999,66300, 96090]",Sovereign House Cheadle SK8 2EA,12.0
FINANCIAL LINK LIMITED,02106689,ltd,05-03-1987,"[64301,65110,65300, 66300]",29 Wayland Avenue Brighton England BN1 5LW,12.0
CAPDESIA GROUP LIMITED,10428605,ltd,14-10-2016,"[64303,64999,66300, 70229]",16 Great Queen Street London United Kingdom WC2B 5AH,12.0
HIP EUROPE MANAGEMENT LTD,06487588,ltd,29-01-2008,"[66300, 70221]",Dept 302 43 Owston Road Doncaster England DN6 8DA,12.0
TMS CAPITAL LIMITED,03960337,ltd,30-03-2000,"[64999, 66300]",The Innovation Centre University Way Bedford MK43 0BT,12.0
CHARLWOOD IFA LIMITED,04820268,ltd,03-07-2003,"[65110,65120,65300, 66300]",35 Seamoor Road Bournemouth BH4 9AE,12.0
REAL FOR INVESTMENT LTD.,10310154,ltd,03-08-2016,"[64304,64999,66120, 66300]",4 Greystoke Gardens London W5 1EP,12.0
SAND AIRE LIMITED,03066958,ltd,12-06-1995,"[64302,64304, 66300]",1 London Wall Place London England EC2Y 5AU,12.0
MAX OFFSHORE LIMITED,09072068,ltd,05-06-2014,"[63110,64304,66300, 70229]",364 West Road Newcastle Upon Tyne United Kingdom NE4 9JY,12.0
FINDON HOUSE LIMITED,10475767,ltd,14-11-2016,"[64209,64304,64999, 66300]",4 Wimbledon Close London England SW20 8HW,12.0
RED BOX SERVICES (UK) LTD,09001123,ltd,17-04-2014,"[23990,66300, 70229]",71-75 Shelton Street London WC2H 9JQ,12.0
EVOLVE CONSULTING UK LIMITED,04387680,ltd,05-03-2002,"[66300,68320, 78109]",607 Corson House City Island Way London England E14 0TL,12.0
FORESIGHT ENTERPRISE VCT PLC,03506579,plc,03-02-1998,[66300],The Shard London SE1 9SG,12.0
JOINT VENTURES (INVESTMENTS) LIMITED,04381821,ltd,26-02-2002,"[66300,68100,68209, 68320]",23 Canons Close Radlett WD7 7ER,12.0
FS FIRST SOLUTIONS LIMITED,08006945,ltd,26-03-2012,"[64999, 66300]",37th Floor 1 Canada Square London United Kingdom E14 5AA,12.0
UTILITIES INVESTMENT RESEARCH LIMITED,03034260,ltd,17-03-1995,"[64999, 66300]",58 Southdean Gardens null SW19 6NU,12.0
RACEFIELDS LTD,06718275,ltd,08-10-2008,"[66190, 66300]",Highlands House Highlands Oldham England OL2 5HP,12.0
MENEXCEL LIMITED,07974625,ltd,02-03-2012,"[64209,64303,66300, 72190]",85a Creffield Road London W3 9PU,12.0
SOURCE OF INSPIRATION LIMITED,02957266,ltd,10-08-1994,"[66300, 70229]",5 Hawley Drive Altrincham England WA15 0DP,12.0
MATTHEW J STOREY LIMITED,05526019,ltd,02-08-2005,"[64999, 66300]",Upper Farm Chippenham England SN14 7AG,12.0
FORESIGHT VCT PLC,03421340,plc,19-08-1997,[66300],C/O Foresight Group Llp The Shard London United Kingdom SE1 9SG,12.0
IMPERIAL ARBITRAGE CAPITAL LIMITED,10530467,ltd,17-12-2016,"[64205,64304,64999, 66300]",28 Barlow Drive London United Kingdom SE18 4NE,12.0
GATEWAY FINANCIAL ADVISERS (UK) LTD,07261628,ltd,21-05-2010,"[64302,65110,65300, 66300]",170 Upper New Walk Leicester LE1 7QA,12.0
EGOY DISTRIBUTION LIMITED,08702913,ltd,24-09-2013,"[66300, 70229]",Care Of Goldwins Ltd London England NW6 2EG,11.5
LOGEX LTD,11126296,ltd,28-12-2017,"[64303,64304,66190, 66300]","Studio No. 28,  138 Marylebone Road London England NW1 5PH",11.5
SINCLAIR ADVISORY SERVICES LTD.,07595733,ltd,07-04-2011,"[47910,58190,66300, 90030]",Elklands Petworth England GU28 0EA,11.5
DIGICROP TECHNOLOGIES LTD.,10583740,ltd,25-01-2017,"[66300,70210,70221, 70229]",71-75 Shelton Street London England WC2H 9JQ,11.5
INVESTING IN YOUR FUTURE LIMITED,08416754,ltd,25-02-2013,"[46341,46342,64191, 66300]",36 Westlake Rotherhithe New Road London SE16 2BW,11.5
GLADMAX GROUP LIMITED,10790521,ltd,26-05-2017,"[66300,68100,70100, 82990]",31 Belson Road London England SE18 5PU,11.5
SIMPLY EFFECTIVE SOLUTIONS LTD,SC497134,ltd,06-02-2015,"[66300,70100,70229, 82990]",SC497134 - COMPANIES HOUSE DEFAULT ADDRESS Edinburgh EH7 9HR,11.5
HAVISHAM ASSETS LIMITED,08379611,ltd,29-01-2013,"[56102,66300, 70229]",Level 12 Thames Tower Reading England RG1 1LX,11.5
SYMVAN CAPITAL LIMITED,08772369,ltd,12-11-2013,"[64999, 66300]",2 London Wall Place London England EC2Y 5AU,11.5
ADVON SOLUTIONS LIMITED,11088559,ltd,29-11-2017,"[62020,66300,68320, 70229]",2 Trevor Road London England SW19 3PW,11.5
DP SUPPORT SERVICES C.I.C.,07645482,ltd,24-05-2011,"[66300,78300,82110, 97000]",24 The Firlands Redcar TS11 7AE,11.5
SHANTI CONSULTING LIMITED,10738600,ltd,25-04-2017,"[66210,66300,69201, 70229]",81 London Road Leicester England LE2 0PF,11.5
IMPAX ASSET MANAGEMENT (AIFM) LIMITED,08819010,ltd,18-12-2013,"[66300, 82990]",7th Floor 30 Panton Street London England SW1Y 4AJ,11.5
WEITZMAN & JOHNSON WEALTH PLANNERS LTD,08410818,ltd,20-02-2013,"[66190, 66300]",Churchill House London England NW4 4DJ,11.5
B&E CONSULT LIMITED,11091013,ltd,01-12-2017,"[66300,68100,68320, 70229]",Level 3 207 Regent Street London United Kingdom W1B 3HH,11.5
AFLAX LTD,06887676,ltd,24-04-2009,"[66300, 82302]",Suite 58 Princes Court London England SW3 1ET,11.0
UPSILON BETA INVESTMENT LTD,07996938,ltd,20-03-2012,"[20110,46900,66300, 70100]",3 Chapel Street Congleton England CW12 4AB,11.0
C M WHITE INVESTMENTS LIMITED,02399561,ltd,29-06-1989,"[55900, 66300]","Arbor C/O Winckworth Sherwood,  Arbor London United Kingdom SE1 9AX",11.0
BARGAIN MUNKY LIMITED,09133268,ltd,16-07-2014,"[66120,66190, 66300]",49 Albion Road Birmingham England B21 8BG,11.0
PROJECT XYZ LIMITED,10346473,ltd,25-08-2016,"[64999,66300, 70229]",71-75 Shelton Street Covent Garden London United Kingdom WC2H 9JQ,11.0
INVESTMENT WISE LIMITED,10354965,ltd,01-09-2016,"[46190,64304,64999, 66300]",52 Marsham Street Maidstone England ME14 1HH,11.0
THREADNEEDLE PENSIONS LIMITED,00984167,ltd,09-07-1970,"[65110, 66300]",Cannon Place London EC4N 6AG,11.0
THREADNEEDLE ASSET MANAGEMENT LIMITED,00573204,ltd,22-10-1956,"[66120, 66300]",Cannon Place London EC4N 6AG,11.0
SUNDELL LIMITED,11383586,ltd,25-05-2018,"[64910,64999,66110, 66300]",27 Old Gloucester Street London United Kingdom WC1N 3AX,11.0
AXA INVESTMENT MANAGERS UK LIMITED,01431068,ltd,19-06-1979,"[66120, 66300]",22 Bishopsgate London United Kingdom EC2N 4BQ,11.0
AXA INVESTMENT MANAGERS GS LIMITED,03601496,ltd,21-07-1998,"[66120, 66300]",22 Bishopsgate London United Kingdom EC2N 4BQ,11.0
VIJAY ASSOCIATES LIMITED,03380291,ltd,03-06-1997,"[61900,66300, 85600]",24 Gatehill Road Northwood England HA6 3QD,11.0
HALLMARK CORPORATE FINANCE LTD,11622352,ltd,15-10-2018,"[64999,66190,66300, 70221]",31 Belson Road London England SE18 5PU,11.0
SOCIAL LOGIC LTD,11675749,ltd,13-11-2018,"[64303,66300,70229, 73110]",101 Corson House City Island Way London England E14 0TL,11.0
SOLD IT ONLINE LIMITED,11161877,ltd,22-01-2018,"[64209,64304,64999, 66300]",4 Wimbledon Close London England SW20 8HW,11.0
SOVEREIGN ASSETS & INVESTMENTS LIMITED,07975354,ltd,05-03-2012,"[66110,66300, 68320]",6 Barnfield Place London England E14 9YA,11.0
ROSSINGTON WEALTH MANAGEMENT LTD,09937771,ltd,06-01-2016,"[66190,66220,66290, 66300]",3 Crickets Drive Lincoln England LN2 2GS,11.0
ALPHA TELECOMMUNICATIONS LIMITED,07051047,ltd,20-10-2009,"[61900,66120, 66300]",118 Park Avenue Barking England IG11 8QX,11.0
LONDON CAPITAL INTERNATIONAL LTD,11385866,ltd,29-05-2018,"[47770,66300,70229, 78109]",128 City Road London United Kingdom EC1V 2NX,11.0
FUNDROCK PARTNERS LIMITED,04162989,ltd,19-02-2001,"[64302,64304, 66300]",Hamilton Centre Chelmsford England CM1 3BY,11.0
OXFORD TECHNOLOGY 2 VENTURE CAPITAL TRUST PLC,03928569,plc,18-02-2000,[66300],Magdalen Centre Oxford OX4 4GA,11.0
DAKSFIRST LIMITED,11626401,ltd,16-10-2018,"[64991,64999,66300, 70221]",8 Hill Street London England W1J 5NG,11.0
RLUM LIMITED,02369965,ltd,10-04-1989,"[64302, 66300]",80 Fenchurch Street London United Kingdom EC3M 4BY,11.0
ROYAL LONDON ASSET MANAGEMENT LIMITED,02244297,ltd,14-04-1988,"[66290, 66300]",80 Fenchurch Street London United Kingdom EC3M 4BY,11.0
MOMENTUM INVESTING LTD,09121989,ltd,08-07-2014,"[66210,66220,66290, 66300]",84 High Street London England NW10 4SJ,11.0
(CGN) CAPITAL GROWTH NETWORK LTD,09041461,ltd,15-05-2014,"[64303,64304,64929, 66300]",167 Gloucester Terrace London W2 6DX,11.0
CAPITAL FINANCE AND INVESTMENT MANAGEMENT LIMITED,06756876,ltd,24-11-2008,"[66300, 68100]",Pyramid House London England N12 9RT,11.0
YFT CONSULT LTD,10031322,ltd,29-02-2016,"[66300,70229,90020, 90030]",57 Greens Valley Drive Stockton-On-Tees England TS18 5QH,11.0
THE HOUSEHOLD CAVALRY FOUNDATION,08236363,private-limited-guarant-nsc-limited-exemption,02-10-2012,"[63110,66300, 82990]",Horse Guards Household Cavalry Foundation London SW1A 2AX,11.0
ORIGIN INVEST LIMITED,07091807,ltd,01-12-2009,"[66300, 74901]",Floor 2 Berkeley Square House Berkeley Square London W1J 6BD,11.0
FAIRWAY CAPITAL LTD,10134142,ltd,19-04-2016,"[66300,68100,68320, 70229]",21-23 Ives Street Chelsea United Kingdom SW3 2ND,11.0
LEASEFIN LIMITED,01370470,ltd,25-05-1978,"[66300, 77330]",97 Southover London N12 7HG,11.0
T. BAILEY ASSET MANAGEMENT LIMITED,03720372,ltd,25-02-1999,"[64302,64304, 66300]",Toll Bar House Landmere Lane Nottingham England NG12 4DG,11.0
F.M.I. BANQUE LTD,11523211,ltd,17-08-2018,"[64303,64999,66300, 70221]",85 Great Portland Street London United Kingdom W1W 7LT,11.0
COMMITTED CAPITAL FINANCIAL SERVICES LIMITED,03810820,ltd,21-07-1999,"[64303, 66300]",148-150 Buckingham Palace Road London England SW1W 9TR,11.0
THE ECU GROUP PUBLIC LIMITED COMPANY,02296619,plc,14-09-1988,[66300],17 Shirwell Crescent Milton Keynes England MK4 1GA,11.0
CETEX.ONLINE LTD,11130034,ltd,02-01-2018,"[64301,64303,66190, 66300]",10 Upper Bank Street London England E14 5GH,11.0
BIG ISSUE INVEST LIMITED,04764982,ltd,14-05-2003,"[64929, 66300]",113-115 Fonthill Road London England N4 3HH,11.0
CHURCHILL INVESTMENTS PLC,03125227,plc,13-11-1995,[66300],9 Woodborough Road Winscombe BS25 1AB,11.0
SOFTPOINT LICENCING LTD,04228348,ltd,04-06-2001,"[62011,62012, 66300]",Unit 5 Mosley Business Park Burton On Trent DE14 1DW,11.0
CANYON CAPITAL ADVISORS (EUROPE) LIMITED,05886261,ltd,25-07-2006,"[66120, 66300]","Suite 1,  7th Floor 50 Broadway London United Kingdom SW1H 0BL",11.0
BESTPORT PRIVATE EQUITY LIMITED,11234307,ltd,05-03-2018,"[64303,64999,66190, 66300]",42 Upper Berkeley St London United Kingdom W1H 5QL,11.0
NEW AGE CONSULT (RESIDENTIAL) LIMITED,06103547,ltd,14-02-2007,"[63990,66300, 71111]",C/O Incorporate Online Ltd Suite 3 Newbury Park United Kingdom IG2 7HU,11.0
CLEARANCE CAPITAL LIMITED,06760235,ltd,27-11-2008,"[64205, 66300]",3 Copthall Avenue London England EC2R 7BH,11.0
SPRING CAPITAL PARTNERS LIMITED,06310222,ltd,11-07-2007,"[64302, 66300]",Basildon House London England EC2R 6AF,11.0
BLACK RIVER CAPITAL LTD,11254392,ltd,14-03-2018,"[43290,43999,64999, 66300]",111b 111b Bishops Way London United Kingdom E2 9HL,11.0
BARRHILL COMMUNITY INTEREST COMPANY,SC348907,private-limited-guarant-nsc,22-09-2008,"[66300,82990, 94990]",Memorial Hall Main Street Girvan Scotland KA26 0PP,11.0
MADARA CAPITAL MANAGEMENT LTD,10425704,ltd,13-10-2016,"[64999,66300, 70221]","39th Floor,  One Canada Square London England E14 5AB",11.0
HASMA CAPITAL ADVISORS (UK) LIMITED,06242054,ltd,09-05-2007,"[64303, 66300]",23 Hill Street London England W1J 5JW,11.0
INVESTRIUM LIMITED,10491728,ltd,22-11-2016,"[64205,64999,66300, 70221]",15 Siskin Avenue Dalton-In-Furness England LA15 8QB,11.0
HEARTHSTONE INVESTMENTS LIMITED,06379066,ltd,24-09-2007,"[66300, 70100]","Suite 2.06,  Bridge House 181 Queen Victoria Street London United Kingdom EC4V 4EG",11.0
COUNSELOR SERVICE HOLDING LTD,11158428,ltd,19-01-2018,"[64205,64301,66300, 70229]",20-22 Wenlock Road London England N1 7GU,11.0
CENKOS SECURITIES (TRUSTEES) LIMITED,05780209,ltd,13-04-2006,"[66110, 66300]",1 Bartholomew Close London England EC1A 7BL,11.0
LAGUNA INTERNATIONAL BUSINESS CONSULTING LIMITED,12145682,ltd,08-08-2019,"[64999,66300,68320, 70229]",Kemp House London United Kingdom EC1V 2NX,10.5
EHG & G PLANNING LTD,10971078,ltd,19-09-2017,"[64305,64999,66300, 70221]",60 Hilltop Lane Caterham England CR3 5BG,10.5
VARNA CONSULTANCY LTD,10600992,ltd,06-02-2017,"[64999,66300, 82990]",Flat 3 St Floor London England WC1N 1AP,10.5
EVLEN  CAPITAL  INVESTMENTS LTD,12272000,ltd,21-10-2019,"[64301,64304,64999, 66300]",20-22 Wenlock Road London England N1 7GU,10.5
ALPHA QUANTS LIMITED,09395881,ltd,19-01-2015,"[62012,66300,72190, 74909]",115 Hampstead Road London England NW1 3EE,10.5
SALORIA ECO BUSINESS LTD,08815861,ltd,16-12-2013,"[43999,66300, 74909]",Unit 27 Cygnus Business Centre London England NW10 2XA,10.5
ENCRYPTICON LTD,11770092,ltd,16-01-2019,"[62012,63110,66300, 70221]",20-22 Wenlock Road London England N1 7GU,10.5
HALLMARK ASSETS MANAGEMENT LIMITED,12234241,ltd,30-09-2019,"[65300,66300,70221, 82990]",31 Belson Road London England SE18 5PU,10.5
LADHAM PROPERTIES LIMITED,07544227,ltd,28-02-2011,"[66300,68100, 68209]",Hill View House Cranbrook TN17 3AD,10.5
MD SOLUTION GROUP LIMITED,10746006,ltd,28-04-2017,"[64999,66190,66300, 68100]",Suite 1 Mease Croft Birmingham B9 4PW,10.5
RISKSAVE TECHNOLOGIES LTD,09930262,ltd,29-12-2015,"[66300, 70229]",2 Eastbourne Terrace London England W2 6LG,10.5
9912085 LTD,09912085,ltd,10-12-2015,"[24100,66300, 70221]","C/O Specialist Mobility Training Ltd,  Unit 6 Leamington Spa England CV31 3RG",10.5
CROWNGLOBAL CAPITAL UK LIMITED,12206004,ltd,13-09-2019,"[64191,64304,66190, 66300]",3 Portnall Road London United Kingdom W9 3BA,10.5
BUTWHO ENTERTAINMENT GROUP LTD,11987148,ltd,09-05-2019,"[59200,64306,66300, 70229]",1st Floor 124 Cleveland Street London United Kingdom W1T 6PG,10.5
BLINNIO PARTNERS LTD,10841882,ltd,29-06-2017,"[66300,68320, 70229]",19 Ellington House Ashmore Road London England SE18 4AS,10.5
EDUARD TRANSPORT SERVICES LTD,10690786,ltd,27-03-2017,"[49410,52290,66300, 70229]",11 Parrys Grove Bristol England BS9 1TT,10.5
SILICON SILK LTD,12039590,ltd,07-06-2019,"[62012,64205,64999, 66300]",128 City Road London England EC1V 2NX,10.5
CRAGG ESTATE MANAGEMENT LTD,07814071,ltd,18-10-2011,"[66300, 68320]",85 Percy Road London W12 9QH,10.5
GROSVENOR SERVICE SOLUTIONS LIMITED,09601954,ltd,20-05-2015,"[64303,66300, 82990]",3 Bronte View Gravesend England DA12 1PX,10.5
ZEUSS CHILDCARE LIMITED,09915813,ltd,14-12-2015,"[64999, 66300]",33 Charterhouse Street London United Kingdom EC1M 6HA,10.5
EVOLUTIS CAPITAL LTD,07591020,ltd,05-04-2011,"[66300, 74909]",58 Marryat Road London England SW19 5BD,10.5
REALIZE.VC LIMITED,10693224,ltd,28-03-2017,"[64303,66300,70221, 70229]",66 Shelburne Road High Wycombe England HP12 3NQ,10.5
SEAWEST INDUSTRIES LTD,07839691,ltd,08-11-2011,"[64202, 66300]",Flat 4 Redcliffe Gardens 52 London England SW10 9HB,10.5
CITYSTONE ALLIANCE GROUP LTD,12169223,ltd,22-08-2019,"[66190,66300,69109, 70221]","4th Floor,  18 St. Cross Street London England EC1N 8UN",10.5
J.E.DEVEREUX LTD,SC454393,ltd,12-07-2013,"[45190,64304,66300, 68209]",1 Campview Edinburgh Scotland EH22 1QD,10.5
GTF INVESTMENT GROUP LIMITED,12048963,ltd,13-06-2019,"[66300,70221,74909, 82990]",27 Old Gloucester Street London United Kingdom WC1N 3AX,10.5
CBA CAPITAL PARTNERS LTD,11862974,ltd,05-03-2019,"[66300,70221,70229, 74909]","95 Mortimer Street,  Suite 26 London United Kingdom W1W 7GB",10.5
GULFCAP GROUP LIMITED,11102374,ltd,07-12-2017,"[64999,66190,66300, 70221]",23a Kenilworth Gardens Hayes UB4 0AY,10.5
PEAR TREE PARTNERSHIP LTD,08424007,ltd,28-02-2013,"[58110,66300,68320, 70210]",Fulwood Godalming GU7 1QF,10.5
REVOLUX CAPITAL LTD,08714253,ltd,02-10-2013,"[41100,66300, 68310]",7 Bell Yard London England WC2A 2JR,10.5
ANTERRA LIMITED,07953000,ltd,16-02-2012,"[64209, 66300]",7-8 Ritz Parade London W5 3RA,10.0
BAOBAB INVESTMENT MANAGERS LTD,07456530,ltd,01-12-2010,[66300],Leytonstone House London England E11 1GA,10.0
AUTONOMY SERVICE COMPANY LIMITED,04607476,ltd,03-12-2002,[66300],9 Appold Street London England EC2A 2AP,10.0
BALYASNY INTERNATIONAL ASSET MANAGEMENT LIMITED,05147664,ltd,08-06-2004,[66300],23 King Street London England SW1Y 6QY,10.0
MULVANEY CAPITAL MANAGEMENT LIMITED,03734035,ltd,17-03-1999,[66300],5th Floor 3 Moorgate Place London England EC2R 6EA,10.0
AZINI 3 (GENERAL PARTNER) LIMITED,04000835,ltd,19-05-2000,[66300],32 Maple Street London W1T 6HB,10.0
NAPIER PARK GLOBAL CAPITAL LTD,07480435,ltd,31-12-2010,[66300],5 Hanover Square London England W1S 1HE,10.0
THREE BODY CAPITAL LIMITED,11642880,ltd,25-10-2018,"[62012,66190, 66300]",30 Churchill Place London England E14 5RE,10.0
J ROTHSCHILD CAPITAL MANAGEMENT LIMITED,02201053,ltd,01-12-1987,[66300],27 St. James's Place London SW1A 1NR,10.0
PALATIUM INVESTMENT MANAGEMENT LIMITED,05455959,ltd,18-05-2005,[66300],6th Floor Kings House London England SW1Y 4BP,10.0
OAK HILL ADVISORS (U.K. SERVICES) LIMITED,05477617,ltd,10-06-2005,[66300],45 Pall Mall London SW1Y 5JG,10.0
LK ADVISERS LIMITED,04310198,ltd,24-10-2001,[66300],"Berkeley Square House,  Fifth Floor London United Kingdom W1J 6BY",10.0
FYRESQUARE CAPITAL LIMITED,07284517,ltd,15-06-2010,[66300],2 St. James's Street London England SW1A 1EF,10.0
GAM STERLING MANAGEMENT LIMITED,01750352,ltd,06-09-1983,[66300],8 Finsbury Circus London England EC2M 7GB,10.0
GAM LONDON LIMITED,00874802,ltd,24-03-1966,[66300],8 Finsbury Circus London England EC2M 7GB,10.0
HAMILTON LANE (UK) LIMITED,04507221,ltd,08-08-2002,[66300],"10 Bressenden Place,  4th Floor London United Kingdom SW1E 5DH",10.0
EVEREST INVESTMENTS MANAGEMENT LIMITED,06756975,ltd,24-11-2008,[66300],Pyramid House London England N12 9RT,10.0
PRAGMA WEALTH MANAGEMENT LTD.,04191349,ltd,30-03-2001,[66300],"The Scalpel,  18th Floor London United Kingdom EC3M 7AF",10.0
LONGVIEW PARTNERS (UK) LIMITED,04170481,ltd,01-03-2001,[66300],Savoystrand London England WC2R 0AA,10.0
RESOLUTION PROPERTY FM LIMITED,04446371,ltd,23-05-2002,[66300],7 Heddon Street London England W1B 4BD,10.0
HERACLES CAPITAL LTD,12973217,ltd,26-10-2020,"[62020,66300,70221, 70229]",1 Lindfield Gardens London England NW3 6PX,10.0
INFINITY INVESTMENT PROJECTS LTD,12660982,ltd,10-06-2020,"[62020,66300,70229, 78300]",49 Foxbourne Road London United Kingdom SW17 8AS,10.0
WORLDINVEST MANAGEMENT LTD.,06950394,ltd,02-07-2009,[66300],Southwest House London England SW1Y 4LR,10.0
MITSUBISHI UFJ ASSET MANAGEMENT (UK) LTD.,01842259,ltd,20-08-1984,[66300],24 Lombard Street London EC3V 9AJ,10.0
THOMPSON TARAZ MANAGERS LIMITED,04482509,ltd,10-07-2002,[66300],"C/O Thompson Taraz Llp 4th Floor,  Stanhope House London England W1K 1PR",10.0
PRIMARY CAPITAL LIMITED,02924207,ltd,29-04-1994,[66300],Augustine House London EC2N 2HA,10.0
MAYFAIR SPORTS VENTURES LTD,12455157,ltd,11-02-2020,"[66300,70229,93110, 93199]",71-75 Shelton Street London England WC2H 9JQ,10.0
CHELTON CAPITAL LIMITED,11493173,ltd,31-07-2018,"[64301,64999, 66300]",128 City Road London United Kingdom EC1V 2NX,10.0
SAMENA CAPITAL LIMITED,06526886,ltd,07-03-2008,[66300],14 Hanover Square Office 2.15b London United Kingdom W1S 1HN,10.0
PROSPERITY CAPITAL MANAGEMENT (UK) LIMITED,04959887,ltd,11-11-2003,[66300],3rd Floor 207 Regent Street London United Kingdom W1B 3HH,10.0
HEDGE FUNDS LIMITED,03591243,ltd,01-07-1998,[66300],30 Crown Place London England EC2A 4EB,10.0
PIMCO EUROPE LTD,02604517,ltd,24-04-1991,[66300],11 Baker Street London W1U 3AH,10.0
PORTLAND INVESTMENTS (AM) LIMITED,07427829,ltd,03-11-2010,"[66300, 68209]",Portland House Durham England DH1 4QP,10.0
ALTUS INVESTMENT MANAGEMENT LIMITED,04940982,ltd,22-10-2003,[66300],24 Grosvenor Street London England W1K 4QN,10.0
PRADERA LIMITED,03786152,ltd,10-06-1999,[66300],3rd Floor 345 Oxford Street London England W1C 2JD,10.0
POINT ONE GLOBAL INVESTMENT LIMITED,11489860,ltd,30-07-2018,"[66110,66120,66190, 66300]",88 Sycamore Avenue Peterborough United Kingdom PE1 4JU,10.0
LINGA UK LIMITED,05374629,ltd,24-02-2005,[66300],70 Great Arthur House Fann Street City Of London EC1Y 0RQ,10.0
HEDGE FUNDS INVESTMENT MANAGEMENT LIMITED,03591241,ltd,01-07-1998,[66300],30 Crown Place London EC2A 4ES,10.0
FAIRHOLME MANAGEMENT LIMITED,00698486,ltd,17-07-1961,[66300],58 Suite 8 London United Kingdom NW8 6AG,10.0
RREEF EUROPEAN VALUE ADDED I (G.P.) LIMITED,05869878,ltd,07-07-2006,[66300],21 Moorfields London United Kingdom EC2Y 9DB,10.0
SHORE CAPITAL LIMITED,03841076,ltd,09-09-1999,[66300],Cassini House London England SW1A 1LD,10.0
NINETY ONE UK LIMITED,02036094,ltd,10-07-1986,[66300],55 Gresham Street London England EC2V 7EL,10.0
POLUNIN CAPITAL PARTNERS LIMITED,04132122,ltd,28-12-2000,[66300],10 Cavalry Square London SW3 4RB,10.0
OTUS CAPITAL MANAGEMENT LIMITED,04095762,ltd,19-10-2000,[66300],29 Queen Annes Gate London England SW1H 9BU,10.0
SWISS LIFE ASSET MANAGERS UK LIMITED,04846209,ltd,25-07-2003,[66300],55 Wells Street London England W1T 3PT,10.0
DRAKE HOWELL LIMITED,09244948,ltd,02-10-2014,"[66190, 66300]",The Old Farmhouse Paices Hill Reading England RG7 4PG,10.0
ALLSPRING GLOBAL INVESTMENTS (UK) LIMITED,03710963,ltd,10-02-1999,[66300],30 Cannon Street London United Kingdom EC4M 6XH,10.0
IGLOO REGENERATION (GENERAL PARTNER) LIMITED,04299836,ltd,05-10-2001,[66300],80 Fenchurch Street London United Kingdom EC3M 4AE,10.0
PICNIC INVESTMENT LIMITED,11459868,ltd,11-07-2018,"[64929,64999, 66300]",W106 Vox Studios Durham Street London England SE11 5JH,10.0
DWS INVESTMENTS UK LIMITED,05233891,ltd,16-09-2004,[66300],21 Moorfields London United Kingdom EC2Y 9DB,10.0
ARDIAN INVESTMENT UK LIMITED,05654928,ltd,15-12-2005,[66300],1 Grafton Street London W1S 4FE,10.0
NIPPON LIFE SCHRODERS ASSET MANAGEMENT EUROPE LIMITED,03709605,ltd,02-02-1999,[66300],1 London Wall Place London England EC2Y 5AU,10.0
GUINNESS ASSET MANAGEMENT LIMITED,04647882,ltd,27-01-2003,[66300],18 Smith Square London England SW1P 3HZ,10.0
FOREXBOND LTD,12615479,ltd,21-05-2020,"[64991,64999,66190, 66300]",128 City Road London United Kingdom EC1V 2NX,10.0
CONNING ASSET MANAGEMENT LIMITED,03654447,ltd,16-10-1998,[66300],24 Monument Street London EC3R 8AJ,10.0
COHEN & STEERS UK LIMITED,05861206,ltd,29-06-2006,[66300],The Burlian 3 Dering Street London England W1S 1AA,10.0
THREADNEEDLE INTERNATIONAL LIMITED,02283244,ltd,02-08-1988,[66300],Cannon Place London EC4N 6AG,10.0
CAL INVESTMENTS LIMITED,01488617,ltd,31-03-1980,[66300],"1st Floor,  Nicholas House London England EC4R 0EU",10.0
HEARTHSTONE ASSET MANAGEMENT LIMITED,07458920,ltd,02-12-2010,[66300],"Suite 2.06,  Bridge House 181 Queen Victoria Street London United Kingdom EC4V 4EG",10.0
ATOMOS INVESTMENTS LIMITED,02041819,ltd,29-07-1986,[66300],2nd Floor 5 Hatfields (Alto) London United Kingdom SE1 9PG,10.0
WREN INVESTMENT OFFICE LIMITED,10286208,ltd,19-07-2016,"[66300, 70221]",66 Lincoln's Inn Fields London United Kingdom WC2A 3LH,10.0
BREGAL (CUSTODY) LIMITED,04615819,ltd,12-12-2002,[66300],20 Air Street London England W1B 5AN,10.0
COMMANDER ASSET MANAGEMENT LIMITED,04301639,ltd,09-10-2001,[66300],2 St. Andrew's Hill London EC4V 5BY,10.0
ASPECT CAPITAL LIMITED,03491169,ltd,12-01-1998,[66300],10 Portman Square London W1H 6AZ,10.0
MAKOR PARTNERS LIMITED,07275915,ltd,07-06-2010,[66300],30 Panton Street London England SW1Y 4AJ,10.0
REDWOOD CAPITAL (EUROPE) LIMITED,03899931,ltd,21-12-1999,[66300],"3rd Floor,  Waverley House London United Kingdom W1F 8GQ",10.0
MKP CAPITAL UK LTD,07400336,ltd,07-10-2010,[66300],5 Hanover Square London England null,10.0
TWO RIVERS FINANCIAL PLANNING LIMITED,05298510,ltd,26-11-2004,"[66290, 66300]",33 Main Road Caldicot NP26 5SA,10.0
CIT FINANCIAL SERVICES LIMITED,03889608,ltd,07-12-1999,[66300],1st Floor 1 Red Place London England W1K 6PL,10.0
RHOMBUS PRIVATE CAPITAL LIMITED,04404988,ltd,27-03-2002,"[66120, 66300]",116 Silverdale Avenue Walton-On-Thames United Kingdom KT12 1EQ,10.0
COLLIERS CAPITAL HOLDINGS LIMITED,06430656,ltd,19-11-2007,[66300],95 Wigmore Street London England W1U 1FF,10.0
FINANCE EARTH LIMITED,12955180,ltd,15-10-2020,"[64304,64999,66300, 70229]",W106 Vox Studios 1-45 Durham Street London United Kingdom SE11 5JH,10.0
CHARLES TAYLOR INVESTMENT MANAGEMENT COMPANY LIMITED,02597752,ltd,27-03-1991,[66300],2 Minster Court London United Kingdom EC3R 7BB,10.0
AKO CAPITAL MANAGEMENT LIMITED,05411627,ltd,01-04-2005,[66300],One Newman Street London England W1T 1PB,10.0
BLUEBAY ASSET MANAGEMENT INTERNATIONAL LIMITED,05310624,ltd,10-12-2004,[66300],100 Bishopsgate London England EC2N 4AA,10.0
GMO U.K. LIMITED,04658801,ltd,06-02-2003,[66300],No. 1 London Bridge London SE1 9BG,10.0
BALBEC CAPITAL LIMITED,07123905,ltd,13-01-2010,[66300],1st Floor 3-4 London NW4 2EL,10.0
SAPPHIRE CAPITAL LTD,04675455,ltd,24-02-2003,"[62020, 66300]","47 Velsheda Court Hythe Marina Village Hythe,  Southampton United Kingdom SO45 6DW",10.0
HANDELSBANKEN WEALTH & ASSET MANAGEMENT LIMITED,04132340,ltd,29-12-2000,[66300],25 Basinghall Street London England EC2V 5HA,10.0
GALMERROW SECURITIES LIMITED,00934842,ltd,03-07-1968,"[66300, 68100]",2 Piries Place Horsham United Kingdom RH12 1EH,10.0
ASHMORE INVESTMENT MANAGEMENT LIMITED,03344281,ltd,03-04-1997,[66300],16 Palace Street London England SW1E 5JD,10.0
IWP INVESTMENT MANAGEMENT LIMITED,01812617,ltd,01-05-1984,[66300],101 Wigmore Street London United Kingdom W1U 1QU,10.0
OX GLOBAL INVESTMENTS LTD,06884280,ltd,22-04-2009,[66300],22a St James's Square London England SW1Y 4JH,10.0
DUKE STREET GENERAL PARTNER LIMITED,03565673,ltd,18-05-1998,[66300],"Third Floor (East),  Carrington House London England W1B 5SE",10.0
HARBOUR LITIGATION FUNDING LTD,06426478,ltd,14-11-2007,[66300],Suite 2a Princes House London England SW1Y 6DN,10.0
GORILLA TECH CAPITAL LIMITED,03564275,ltd,14-05-1998,[66300],64 North Row London England W1K 7DA,10.0
FUTURE VALUE LIMITED,07433597,ltd,09-11-2010,[66300],167-169 Great Portland Street London England W1W 5PF,10.0
MANOR PARK CARE LIMITED,04681146,ltd,27-02-2003,[66300],Pyramid House London England N12 9RT,10.0
INNISFREE COINVESTMENTS LIMITED,05118369,ltd,04-05-2004,[66300],"1st Floor,  Boundary House London United Kingdom EC1M 6HR",10.0
INNISFREE LIMITED,03039792,ltd,30-03-1995,[66300],"First Floor,  Boundary House London United Kingdom EC1M 6HR",10.0
INNISFREE RESOURCES LIMITED,03817389,ltd,30-07-1999,[66300],"1st Floor,  Boundary House London United Kingdom EC1M 6HR",10.0
INNISFREE SECONDARY SLP LIMITED,06223514,ltd,23-04-2007,[66300],"1st Floor,  Boundary House London United Kingdom EC1M 6HR",10.0
INNISFREE IMPPP 1 LIMITED,04386611,ltd,04-03-2002,[66300],"1st Floor,  Boundary House London United Kingdom EC1M 6HR",10.0
INNISFREE CONTINUATION PARTNERS (MEMBER) LIMITED,03552874,ltd,24-04-1998,[66300],"1st Floor,  Boundary House London United Kingdom EC1M 6HR",10.0
INNISFREE CONTINUATION SLP LIMITED,05623327,ltd,15-11-2005,[66300],"1st Floor,  Boundary House London England EC1M 6HR",10.0
INNISFREE EXGP SECONDARY LIMITED,06243650,ltd,10-05-2007,[66300],"1st Floor,  Boundary House London United Kingdom EC1M 6HR",10.0
POLAR CAPITAL SECRETARIAL SERVICES LIMITED,04138229,ltd,10-01-2001,[66300],16 Palace Street London SW1E 5JD,10.0
JAGUAR INVESTMENTS LIMITED,04401454,ltd,22-03-2002,[66300],71 Queen Victoria Street London England EC4V 4BE,10.0
TURFMOOR CONSULTING LTD,11257260,ltd,15-03-2018,"[64999,66120,66220, 66300]",6 Richmond Mansions East Twickenham England TW1 2HH,10.0
IFM INVESTORS (UK) LTD,05857982,ltd,26-06-2006,[66300],2 London Wall Place London England EC2Y 5AU,10.0
IFDC LIMITED,01746367,ltd,16-08-1983,[66300],33 Cavendish Square London England W1G 0PW,10.0
NUVEEN INVESTMENT MANAGEMENT INTERNATIONAL LIMITED,02137726,ltd,04-06-1987,[66300],9th Floor 201 London EC2M 3BN,10.0
EFES CONSULTING UK LTD,13087903,ltd,17-12-2020,"[66300,70221,70229, 85590]",Britannia House London England W6 0LH,10.0
E.D. CHAPMAN LIMITED,00712109,ltd,03-01-1962,"[66300, 68100]",61 Bridge Street Kington United Kingdom HR5 3DJ,10.0
D'ORSA CAPITAL LIMITED,07183440,ltd,09-03-2010,[66300],4th Floor Fitzrovia House London W1T 6QW,10.0
LANSDOWNE PARTNERS LIMITED,03514088,ltd,20-02-1998,[66300],65 Curzon Street London England W1J 8PE,10.0
CENKOS FUND MANAGEMENT LIMITED,06181222,ltd,23-03-2007,[66300],1 Bartholomew Close London England EC1A 7BL,10.0
MUSSARD & CO. WEALTH MANAGEMENT LIMITED,07203602,ltd,25-03-2010,[66300],Turnpike House 1208-1210 London Road Leigh-On-Sea SS9 2UA,10.0
BROMPTON PARTNERS LIMITED,07184850,ltd,10-03-2010,[66300],1 Knightsbridge Green London SW1X 7QA,10.0
ABRAXAS CAPITAL MANAGEMENT LIMITED,04519371,ltd,27-08-2002,[66300],4th Floor 399-401 Strand London United Kingdom WC2R 0LT,10.0
ROOT CAPITAL (FOUNDER PARTNER) LIMITED,04762967,ltd,13-05-2003,[66300],44 Catherine Place London England SW1E 6HL,10.0
ALANGO EVENTS CONSULTING INTERNATIONAL LTD,11716122,ltd,06-12-2018,"[62020,64999,66300, 70229]",2nd Floor College House Ruislip United Kingdom HA4 7AE,10.0
BELGRAVE CAPITAL MANAGEMENT LIMITED,03105821,ltd,22-09-1995,[66300],85 Great Portland Street London United Kingdom W1W 7LT,10.0
GESTORIA LIMITED,07953766,ltd,17-02-2012,"[64209, 66300]",7-8 Ritz Parade London W5 3RA,10.0
EXCLUSIVE CAPITAL PARTNERS GLOBAL LIMITED,12507585,ltd,10-03-2020,"[46190,46720,64999, 66300]",7 Bell Yard London United Kingdom WC2A 2JR,10.0
J SAINSBURY COMMON INVESTMENT FUND LIMITED,02789936,ltd,15-02-1993,[66300],33 Charterhouse Street London England EC1M 6HA,10.0
NEWTON MANAGEMENT LIMITED,02769904,ltd,02-12-1992,[66300],160 Queen Victoria Street London England EC4V 4LA,10.0
STEPHEN GRUNDY LIMITED,07384282,ltd,22-09-2010,"[66300, 68320]",Towngate House 2-8 Parkstone Road Poole BH15 2PW,10.0
GOLDFIELDS VAULTX LTD,12739243,ltd,13-07-2020,"[64301,66190,66300, 70221]",128 City Road London United Kingdom EC1V 2NX,10.0
PRINCIPAL REAL ESTATE EUROPE LIMITED,06434632,ltd,22-11-2007,[66300],1 Wood Street London United Kingdom EC2V 7JB,10.0
MACKENZIE TAYLOR WEALTH MANAGEMENT LTD.,SC313079,ltd,06-12-2006,"[66220, 66300]",53 Culduthel Mains Gardens Inverness Scotland IV2 6RD,10.0
CHIKARA INVESTMENT SERVICES LIMITED,05396509,ltd,17-03-2005,[66300],5-10 Bolton Street London United Kingdom W1J 8BA,10.0
EXXONMOBIL PENSION TRUST LIMITED,00371341,ltd,18-12-1941,"[65300, 66300]",Fawley Administration Building Fawley Refinery Fawley United Kingdom SO45 1TX,10.0
FALCON MONEY MANAGEMENT UK LIMITED,06726423,ltd,17-10-2008,[66300],Elementa Workspace London United Kingdom W1G 0PW,10.0
DAIWA ASSET MANAGEMENT (EUROPE) LTD,02045607,ltd,11-08-1986,[66300],62-64 Cornhill London England EC3V 3NH,10.0
CBH WEALTH UK LIMITED,07013856,ltd,09-09-2009,[66300],One Fleet Place London EC4M 7WS,10.0
ALBERON SERVICES LIMITED,02802006,ltd,22-03-1993,[66300],Chancellors House 3 Brampton Lane London England NW4 4AB,10.0
EATON VANCE MANAGEMENT (INTERNATIONAL) LIMITED,04228294,ltd,04-06-2001,[66300],125 Old Broad Street London EC2N 1AR,10.0
CORPORATION ONE LTD,06889334,ltd,28-04-2009,[66300],29 Langland Gardens London England NW3 6QE,10.0
RUGBY RADIO STATION (GENERAL PARTNER) LIMITED,04944892,ltd,27-10-2003,[66300],80 Fenchurch Street London United Kingdom EC3M 4AE,10.0
AMUNDI (UK) LIMITED,01753527,ltd,16-09-1983,[66300],77 Coleman Street London United Kingdom EC2R 5BJ,10.0
PEDIMENT CAPITAL PARTNERS LIMITED,11527558,ltd,20-08-2018,"[66300,68209, 82990]",11 Conduit Mews London England W2 3RE,10.0
SILK INVEST LIMITED,06603042,ltd,27-05-2008,[66300],30 Churchill Place London England E14 5RE,10.0
FOUNDATION PROPERTY COMPANY LIMITED,01930587,ltd,15-07-1985,[66300],101 New Cavendish Street London United Kingdom W1W 6XH,10.0
BROAD STREET ASSET MANAGEMENT LTD,11235406,ltd,05-03-2018,"[64205,64999,66120, 66300]",7/8 Avon Reach Chippenham United Kingdom SN15 1EE,10.0
MILLENNIUM GLOBAL INVESTMENTS LIMITED,02964847,ltd,05-09-1994,[66300],15th Floor 88 Wood Street London England EC2V 7QR,10.0
GREG RICHMOND LIMITED,05386444,ltd,09-03-2005,"[66120, 66300]",23 West Avenue Exeter England EX4 4SD,10.0
LINDSELL TRAIN LIMITED,03941727,ltd,07-03-2000,[66300],66 Buckingham Gate London England SW1E 6AU,10.0
BRICKLANE TECHNOLOGIES LTD,09170265,ltd,11-08-2014,"[62012,66300, 68310]",19-23 Ironmonger Row London England EC1V 3QN,10.0
HOVE CAPITAL MANAGEMENT LTD,03424396,ltd,26-08-1997,[66300],3rd Floor 207 Regent Street London W1B 3HH,10.0
DWS ALTERNATIVES GLOBAL LIMITED,05603289,ltd,26-10-2005,[66300],21 Moorfields London United Kingdom EC2Y 9DB,10.0
SENECA PARTNERS LIMITED,07196273,ltd,19-03-2010,"[64209, 66300]",9 The Parks Newton-Le-Willows England WA12 0JQ,10.0
WMG FUNDS LIMITED,05237578,ltd,21-09-2004,[66300],239-241 Kennington Lane London United Kingdom SE11 5QU,10.0
ARES MANAGEMENT LIMITED,05837428,ltd,05-06-2006,[66300],"C/O Tmf Group,  13th Floor London United Kingdom EC2R 7HJ",10.0
BRICEAMERY CAPITAL LTD,05523093,ltd,29-07-2005,[66300],8 Devonshire Square London England EC2M 4YJ,10.0
381 INVESTMENTS LIMITED,07330809,ltd,30-07-2010,"[66300, 96090]",Suite L3 Chatteris PE16 6TT,10.0
MACQUARIE INFRASTRUCTURE AND REAL ASSETS (EUROPE) LIMITED,03976881,ltd,19-04-2000,[66300],Ropemaker Place London EC2Y 9HD,10.0
COGNIS CAPITAL MANAGEMENT LIMITED,06668733,ltd,08-08-2008,[66300],71-75 Shelton Street London WC2H 9JQ,10.0
DIMENSIONAL FUND ADVISORS LTD.,02569601,ltd,19-12-1990,[66300],20 Triton Street London NW1 3BF,10.0
THE PRIVATE INFRASTRUCTURE DEVELOPMENT GROUP LIMITED,11265124,ltd,20-03-2018,"[64205,66300, 70221]",6 Bevis Marks London England EC3A 7BA,10.0
RWC PARTNERS LIMITED,03517613,ltd,26-02-1998,[66300],Verde 4th Floor London England SW1E 5DH,10.0
DRAGON PARTNERS LIMITED,03388419,ltd,18-06-1997,[66300],49 St James's Street London England SW1A 1AH,10.0
ROYAL LONDON UNIT TRUST MANAGERS LIMITED,02372439,ltd,14-04-1989,[66300],80 Fenchurch Street London United Kingdom EC3M 4BY,10.0
CULROSS GLOBAL MANAGEMENT LIMITED,02736036,ltd,30-07-1992,[66300],8-10 Hill Street London England W1J 5NG,10.0
GAM INTERNATIONAL MANAGEMENT LIMITED,01802911,ltd,26-03-1984,[66300],8 Finsbury Circus London England EC2M 7GB,10.0
RAEF CAPITAL LTD.,10246180,ltd,22-06-2016,"[66300, 70229]",438 Streatham High Road London England SW16 3PX,10.0
SUMITOMO MITSUI DS ASSET MANAGEMENT (UK) LIMITED,01660184,ltd,25-08-1982,[66300],100 Liverpool Street London United Kingdom EC2M 2AT,10.0
COLLEGIATE HOUSE LIMITED,02727604,ltd,01-07-1992,[66300],143-149 Fenchurch Street London England EC3M 6BN,10.0
GUINNESS CAPITAL MANAGEMENT LIMITED,07084333,ltd,23-11-2009,[66300],18 Smith Square London England SW1P 3HZ,10.0
MACANIE INVESTMENTS LIMITED,00595844,ltd,20-12-1957,[66300],Cohen Arnold New Burlington House 1075 London England NW11 0PU,10.0
ARGENT FUND MANAGEMENT LIMITED,03187591,ltd,18-04-1996,[66300],5 Market Yard Mews London United Kingdom SE1 3TQ,10.0
MBM CAPITAL INVESTMENTS LIMITED,07376667,ltd,15-09-2010,[66300],3 Hill Street London W1J 5LB,10.0
ASHTENNE INDUSTRIAL (GENERAL PARTNER) LIMITED,04222557,ltd,23-05-2001,[66300],3 Copthall Avenue London England EC2R 7BH,10.0
ALAN PARKER ESTATES LTD,11495548,ltd,01-08-2018,"[64999,66300,68100, 68209]",59 59 Kenton Road Harrow England HA3 0AP,10.0
MOORGATE INVESTMENT MANAGEMENT LIMITED,02405166,ltd,17-07-1989,[66300],Cannon Place London England EC4N 6HL,10.0
K2 INVESTMENT MANAGEMENT LIMITED,06757026,ltd,24-11-2008,[66300],Pyramid House London England N12 9RT,10.0
HENDERSON ROWE LIMITED,04379340,ltd,22-02-2002,[66300],1 London Street Reading RG1 4PN,10.0
INVESCO UK LIMITED,03004959,ltd,19-12-1994,"[64205, 66300]",Perpetual Park Henley-On-Thames RG9 1HH,10.0
FINDLAY PARK INVESTMENT MANAGEMENT LIMITED,03386539,ltd,13-06-1997,[66300],2nd Floor 16 New Burlington Place London England W1S 2HX,10.0
ARTEMIS FUND MANAGERS LIMITED,01988106,ltd,11-02-1986,[66300],Cassini House London SW1A 1LD,10.0
SEILERN INVESTMENT MANAGEMENT LTD.,02962937,ltd,26-08-1994,[66300],"3rd Floor,  Burdett House London England WC2N 6DU",10.0
THELEME SERVICES LIMITED,06978736,ltd,03-08-2009,[66300],65 Curzon Street London England W1J 8PE,10.0
AFKAR PLUS LTD,12996379,ltd,04-11-2020,"[62020,66300,70229, 85600]",128 City Road London United Kingdom EC1V 2NX,10.0
CONSULTA LIMITED,02203991,ltd,09-12-1987,[66300],19-21 Old Bond Street London England W1S 4PX,10.0
FIELDINGS INVESTMENT MANAGEMENT LIMITED,02958085,ltd,12-08-1994,[66300],100 Wood Street London England EC2V 7AN,10.0
CG ASSET MANAGEMENT LIMITED,04056163,ltd,21-08-2000,[66300],20 King Street London England EC2V 8EG,10.0
DIAMOND CAPITAL HOLDINGS LTD,10357887,ltd,02-09-2016,"[41201,55201,66300, 68100]",1 Berkeley Street London United Kingdom W1J 8DJ,10.0
FMR INVESTMENT MANAGEMENT (UK) LIMITED,05942395,ltd,21-09-2006,[66300],25 Cannon Street London England EC4M 5SB,10.0
TOKIO MARINE ASSET MANAGEMENT (LONDON) LIMITED,02534139,ltd,24-08-1990,[66300],20 Fenchurch Street London EC3M 3BY,10.0
MERSEYLINK (ISSUER) PLC,08896313,plc,14-02-2014,"[64203, 66300]",9 Howard Court Runcorn England WA7 1SJ,10.0
WM CAPITAL MANAGEMENT LIMITED,07042526,ltd,14-10-2009,[66300],80 Coleman Street London England EC2R 5BJ,10.0
BLUEBAY ASSET MANAGEMENT (SERVICES) LTD,03262598,ltd,11-10-1996,[66300],100 Bishopsgate London England EC2N 4AA,10.0
MORANT WRIGHT MANAGEMENT LIMITED,03692692,ltd,07-01-1999,[66300],43 St. James's Place London SW1A 1NS,10.0
HARBERT EUROPEAN FUND ADVISORS LIMITED,05384713,ltd,08-03-2005,[66300],45 Old Bond Street London England W1S 4QT,10.0
THOMAS MILLER INVESTMENT LTD.,02187502,ltd,03-11-1987,[66300],90 Fenchurch Street London EC3M 4ST,10.0
PATHWAY CAPITAL MANAGEMENT (UK) LIMITED,05531075,ltd,08-08-2005,[66300],14 Upper St. Martin's Lane London England WC2H 9FB,10.0
KEYHAVEN CAPITAL PARTNERS LIMITED,04562641,ltd,15-10-2002,[66300],45 Whitfield Street London England W1T 4HD,10.0
ZOUK VENTURES LIMITED,03754987,ltd,20-04-1999,[66300],26 Ives Street London United Kingdom SW3 2ND,10.0
NURTRIO LIMITED,06204479,private-limited-guarant-nsc,05-04-2007,"[66300,87200,88100, 88990]","Unit 5,  Acorn Business Park Grimsby England DN32 0LT",10.0
AVIVA INVESTORS GLOBAL SERVICES LIMITED,01151805,ltd,17-12-1973,[66300],80 Fenchurch Street London United Kingdom EC3M 4AE,10.0
NATIXIS INVESTMENT MANAGERS UK LIMITED,03680538,ltd,08-12-1998,[66300],Level 4 Cannon Bridge House London United Kingdom EC4R 2YA,10.0
ASHIK SHAH & CO LIMITED,04551353,ltd,02-10-2002,[66300],33 Foley Street London England W1W 7TL,10.0
FCA FINANCE CONSULTING AKTIENGESELLSCHAFT LTD,05509943,ltd,15-07-2005,[66300],"Unit 3,  Office A,  1st Floor London England EC3R 8EE",10.0
IRONSIDE GENERAL PARTNER LIMITED,07462016,ltd,07-12-2010,[66300],6th Floor Kings House London England SW1Y 4BP,10.0
HERMITAGE CAPITAL MANAGEMENT (UK) LIMITED,05775751,ltd,10-04-2006,[66300],The Aspect London England EC2A 1AS,10.0
MATTHEW TURNBULL LIMITED,00408446,ltd,15-04-1946,"[66300, 68209]",23 Chandos Road Buckingham England MK18 1AL,10.0
CITY OF LONDON INVESTMENT MANAGEMENT COMPANY LIMITED,02851236,ltd,07-09-1993,[66300],77 Gracechurch Street London EC3V 0AS,10.0
VALERIDGE INVESTMENTS LIMITED,03939768,ltd,03-03-2000,"[66300, 68209]",C/O M C Patel & Co Hillingdon Harrow HA3 9DP,10.0
VITRUVIAN PARTNERS LIMITED,05946871,ltd,26-09-2006,[66300],105 Wigmore Street London W1U 1QY,10.0
PUNTER SOUTHALL WEALTH LIMITED,05374633,ltd,24-02-2005,[66300],88 Wood Street London England EC2V 7QR,10.0
BROMPTON REAL ESTATE INVESTMENT MANAGEMENT LIMITED,06891842,ltd,29-04-2009,[66300],1 Knightsbridge Green London SW1X 7QA,10.0
FANGLAA UK TRADING LTD,13072169,ltd,09-12-2020,"[64303,64305,66300, 70221]",20-22 Wenlock Road London England N1 7GU,10.0
WEST COMMON INVESTMENTS LIMITED,00795163,ltd,09-03-1964,[66300],6th Floor 9 Appold Street London United Kingdom EC2A 2AP,10.0
BROMPTON ASSET MANAGEMENT LIMITED,06866020,ltd,01-04-2009,[66300],1 Knightsbridge Green London SW1X 7QA,10.0
TROY ASSET MANAGEMENT LIMITED,03930846,ltd,22-02-2000,[66300],33 Davies Street London United Kingdom W1K 4BP,10.0
INNISFREE IMPPP SLP LIMITED,04363921,ltd,30-01-2002,[66300],"1st Floor,  Boundary House London United Kingdom EC1M 6HR",10.0
INNISFREE EXGP CONTINUATION LIMITED,05651389,ltd,12-12-2005,[66300],"1st Floor,  Boundary House London United Kingdom EC1M 6HR",10.0
