company_name,company_number,_score,incorporation_date,registered_office_address,check_status,website_url,career_page_url,has_openings,matching_roles_found,last_checked_date,shortlist,notes
CAMBRIDGE ASSOCIATES LIMITED,06135829,15.0,05-03-2007,62 Buckingham Gate London England SW1E 6AJ,checked,https://www.cambridgeassociates.com,https://www.cambridgeassociates.com/careers/,yes,Investment Director - Real Assets; Managing Director - Infrastructure Investment,2026-08-17,yes,"Large global investment consultancy; London roles listed skew senior/investment, not entry analyst"
TWO SIGMA INTERNATIONAL LIMITED,06486331,15.0,28-01-2008,Level 5 7 Devonshire Square London United Kingdom EC2M 4YH,checked,https://www.twosigma.com,https://careers.twosigma.com/careers/OpenRoles,yes,Quantitative Researcher (Investment/Client Solutions); undergraduate internship program,2026-08-17,yes,Hedge fund; London has open investment/engineering roles plus internship pipeline
SAUNDERSON HOUSE LIMITED,00940473,15.0,14-10-1968,30 Gresham Street London England EC2V 7QN,checked,https://saundersonhouse.co.uk,https://saundersonhouse.co.uk/careers/,no,,2026-08-17,,"Wealth manager, part of Rathbones; recruitment handled by parent, no specific open roles found"
SAINTEMP INVESTMENTS LIMITED,05961819,15.0,10-10-2006,C/O Citygate Accountants Unit 1.01 East London Business Centre London England E1 1EJ,checked,,,unclear,,2026-08-17,,no website found; tiny private investment company (3 employees)
TRADERISKS LIMITED,04042506,15.0,28-07-2000,5 New Street Square London England EC4A 3TW,checked,http://www.traderisks.com,http://www.traderisks.com/about-us/career,no,,2026-08-17,,"Debt advisory firm; careers page only has generic recruiting statement, no listed roles"
HR BANK LIMITED,04707000,15.0,21-03-2003,7 Bell Yard London England WC2A 2JR,checked,https://hrbankuk.com,,no,,2026-08-17,,Private bank for professional clients only; no careers page found
COZETTE LTD,06969733,15.0,22-07-2009,4 Wimbledon Close London England SW20 8HW,checked,,,unclear,,2026-08-17,,no website found
GOLDCAPITAL INVESTMENTS LTD.,07107266,15.0,17-12-2009,27 Scott Gardens London England TW5 9JU,pending,,,,,,,
PHILIP J MILTON & COMPANY PLC,03233275,15.0,02-08-1996,Choweree House Barnstaple England EX31 1RP,pending,,,,,,,
MOMOESSA CAPITAL MANAGEMENT LIMITED,06819957,15.0,16-02-2009,Kemp House 160 City Road London United Kingdom EC1V 2NX,checked,https://mecm.co.uk/,,no,,2026-08-17,,small Islamic finance investment/consulting firm; no careers page found
ESS GROUP INTERNATIONAL LTD,07710145,14.5,19-07-2011,3rd Floor 207 Regent Street London W1B 3HH,checked,,,unclear,,2026-08-17,,"no website found; name too generic, micro business (<10 employees)"
RESI CAPITAL MANAGEMENT LIMITED,07588964,14.5,04-04-2011,5 New Street Square London England EC4A 3TW,checked,https://www.resi-reit.com,,no,,2026-08-17,,"manager of ReSI REIT, now in managed wind-down (since 2024) under Gresham House; no careers page"
AGENZIA LIGURIA RUSSIA LTD,07808773,14.5,13-10-2011,167-169 Great Portland Street London W1W 5PF,checked,,,unclear,,2026-08-17,,no website found; appears to be UK shell for Italy-based entity
MORNINGSTAR WEALTH ADMINISTRATION LIMITED,06016828,14.0,04-12-2006,1 Oliver's Yard London England EC1Y 1HQ,checked,https://www.morningstarwealthplatform.com,https://www.morningstar.com/careers,yes,Graduate Investment Analyst; Investment Analyst; Funds Reporter; Operations Analyst,2026-08-17,yes,regulated UK subsidiary of Morningstar Inc; parent careers site lists London analyst/ops/graduate roles
B KING ASSOCIATES LTD,07477764,14.0,23-12-2010,Flat 3 North Lodge London N22 7UB,checked,,,unclear,,2026-08-17,,no website found; likely small/dormant shell company
MASTER FINCAPITAL LTD,07431816,14.0,08-11-2010,C/O Rpgcc London England EC3V 0BT,checked,,,no,,2026-08-17,,"FCA cancelled firm's permissions in 2021, no regulated activity since 2019; no website"
PIERS COURT CAPITAL LIMITED,07454416,14.0,29-11-2010,65 Cadogan Square London SW1X 0DY,checked,,,unclear,,2026-08-17,,no dedicated website found; small private capital/venture firm
PHOENIX UNIVERSAL  SOLUTIONS LIMITED,07116827,14.0,05-01-2010,10 Offord Grove Offord Grove Watford England WD25 7NE,pending,,,,,,,
FLUID7 LIMITED,05826599,14.0,23-05-2006,C11 Generator Hall Electric Wharf Coventry England CV1 4JL,checked,https://fluid7.co.uk/,https://fluid7.co.uk/careers,no,,2026-08-17,,"web dev agency not fund manager; only PHP developer role open, no finance roles"
MARSHALL STERLING ASSET MANAGEMENT LIMITED,06773042,14.0,15-12-2008,27 Old Gloucester Street London England WC1N 3AX,checked,https://marshallsterling.co.uk/,https://marshallsterling.co.uk/career-opportunities/,yes,Portfolio Manager; Fund Manager; Trader; Corporate Finance Banker,2026-08-17,yes,FCA-regulated career opportunities page lists investment/portfolio roles
MAHER BROWNSWORD LIMITED,04460050,14.0,13-06-2002,10 Guild Street Stratford-Upon-Avon CV37 6RE,checked,https://www.maherbrownsword.co.uk/,,no,,2026-08-17,,small financial advisers firm; website found but no careers page
CITY TRAINING LIMITED,03734888,14.0,17-03-1999,19 The Ridgeway null N3 2PG,checked,,,unclear,,2026-08-17,,no website found; generic name conflicts with similarly named training firms
STOCKDALE STREET LIMITED,04481271,14.0,09-07-2002,1 Charterhouse Street London EC1N 6SA,checked,http://www.stockdalestreet.co.uk/,,unclear,,2026-08-17,,"real investment manager (family office), website found but no careers page located"
AXM VENTURE CAPITAL (HOLDINGS) LIMITED,05355331,14.0,07-02-2005,57g Randolph Avenue London W9 1BQ,checked,http://www.axmvc.co.uk/,,unclear,,2026-08-17,,"small VC firm (2 employees), website found but no careers page located"
PROMARKET INTERNATIONAL PLC,08251885,14.0,12-10-2012,"Unit 3,  Office A,  1st Floor London England EC3R 8EE",checked,,,no,,2026-08-17,,"dormant/non-active company, no website found"
SAGE & HERMES LIMITED,02958215,14.0,12-08-1994,44 Worthington Road Surrey KT6 7RX,checked,https://www.sageandhermes.com/,,no,,2026-08-17,,"research/publishing house for fund mgmt industry, not itself a fund manager"
BOSTON INVESTMENT MANAGEMENT GROUP LIMITED,01007782,14.0,14-04-1971,Wildwoods Beaconsfield HP9 2NR,checked,,,no,,2026-08-17,,No dedicated careers page found for Boston Investment Management Group
QUANTUM ENGINEERING CONSULTANCY LTD,07172848,14.0,01-03-2010,33a Norfolk Street Sunderland SR1 1EE,checked,,,unclear,,2026-08-17,,no website found; multiple similarly-named firms elsewhere confused search
DUKE GODLEY FINANCIAL PLANNING LIMITED,02268794,14.0,17-06-1988,Congress House Harrow HA1 2EN,checked,https://dukegodley.co.uk,,no,,2026-08-17,,"small financial advisory firm, website found but no careers page"
CAPITAL OIL LIMITED,05637488,14.0,28-11-2005,Office 1 Hatherton Court Walsall England WS4 2LA,checked,,,no,,2026-08-17,,"dormant/shell company, no genuine website found"
SKYBOUND FINANCIAL PLANNING LIMITED,03116941,14.0,23-10-1995,Solent Business Park 4500 Parkway Fareham England PO15 7AZ,checked,https://skyboundfp.co.uk,,no,,2026-08-17,,"small IFA firm, website found but no dedicated careers page located"
CONSULTIST LIMITED,04701671,14.0,18-03-2003,11 Middle Way Oxford England OX2 7LH,checked,,,unclear,,2026-08-17,,"no website found, only directory listing for management consultancy"
PLATINUM PURE CAPITAL LIMITED,07028208,14.0,23-09-2009,236 Creighton Avenue London England N2 9BD,checked,,,unclear,,2026-08-17,,no website found; tiny fund management entity at residential address
Z-VISIONS INNOVATIONS & PROJECT DEVELOPMENT LTD,08090382,14.0,31-05-2012,71-75 Shelton Street London United Kingdom WC2H 9JQ,checked,http://www.z-visions.com/,,no,,2026-08-17,,"one-person vision/venture capital enterprise, website found but no careers page"
UNITED INTERCONSULTING LIMITED,08029256,14.0,13-04-2012,85 Great Portland Street London England W1W 7LT,checked,https://united-interconsulting.com,,no,,2026-08-17,,"small family-office/venture capital firm, website found but no careers page"
AITI HOLDINGS LIMITED,03949333,14.0,16-03-2000,5th Floor 22 Eastcheap London England EC3M 1EU,pending,,,,,,,
BUSINESS MONEYBOX (SERVICES) LTD,07167287,14.0,24-02-2010,117 Harlesden Road London England NW10 2BT,checked,,,unclear,,2026-08-17,,Small firm; not the Moneybox fintech app; no website found
FAIREY ASSOCIATES LIMITED,06535124,14.0,14-03-2008,Mayfield Farm Hungerdown Lane Colchester CO7 7LZ,checked,https://faireyassociates.co.uk/,,no,,2026-08-17,,"Small independent financial advisers firm, no careers page found"
SAPIENTI LIMITED,07756538,13.5,30-08-2011,82a James Carter Road Officeserv Mildenhall England IP28 7DE,checked,,,unclear,,2026-08-17,,No website found matching this entity
BEAUCLERC ADVISORY SERVICES LIMITED,07759898,13.5,02-09-2011,20 North Audley Street London England W1K 6LX,checked,https://beauclerc.com/,,no,,2026-08-17,,"Niche family-office asset manager, no careers page identified"
JAY CAPITAL LTD,08386976,13.5,04-02-2013,3rd Floor Suite London England W1B 3HH,checked,,,unclear,,2026-08-17,,tiny 1-employee firm; domain resolves to webmail login only
BEDROCK ASSET MANAGEMENT (UK) LTD,05171393,13.0,06-07-2004,33 Glasshouse Street London United Kingdom W1B 5DG,checked,https://www.bedrockgroup.com/,,no,,2026-08-17,,Multi-family office (Bedrock Group); job boards show 0 current London openings
MURRAY ROUND WEALTH MANAGEMENT LIMITED,04010289,13.0,08-06-2000,2 Claremont Bank Salop SY1 1RW,checked,http://www.murrayround.co.uk,,no,,2026-08-17,,"Small local IFA firm (single adviser, Shrewsbury), no careers page"
CHANTERELLE UNDERWRITING LIMITED,03853053,13.0,29-09-1999,5th Floor 40 Gracechurch Street London England EC3V 0BT,checked,,,no,,2026-08-17,,Lloyd's Names' underwriting vehicle (LLV) at shared address; no independent website/staff
PARK FARM UNDERWRITING LIMITED,03848332,13.0,21-09-1999,5th Floor 40 Gracechurch Street London England EC3V 0BT,checked,,,no,,2026-08-17,,"Lloyd's LLV underwriting vehicle, no independent website/staff"
IAM INVEST LTD,04007950,13.0,05-06-2000,4 Hill Street null W1J 5NE,pending,,,,,,,
WELLINGTON MANAGEMENT INTERNATIONAL LIMITED,04283513,13.0,07-09-2001,Cardinal Place London SW1E 5JL,pending,,,,,,,
BLACKROCK ADVISORS (UK) LIMITED,00796793,13.0,18-03-1964,12 Throgmorton Avenue London EC2N 2DL,pending,,,,,,,
BLACKROCK INVESTMENT MANAGEMENT (UK) LIMITED,02020394,13.0,16-05-1986,12 Throgmorton Avenue London EC2N 2DL,pending,,,,,,,
CLEAR FINANCIAL SOLUTIONS (MIDLANDS) LTD,07081690,13.0,19-11-2009,195 Sandbed Lane Belper England DE56 0SL,pending,,,,,,,
HANSON ASSET MANAGEMENT LTD,07199183,13.0,23-03-2010,6 Arlington Street London SW1A 1RE,pending,,,,,,,
IAN DAVENPORT LIMITED,03848333,13.0,21-09-1999,5th Floor 40 Gracechurch Street London England EC3V 0BT,pending,,,,,,,
ALTIR UNDERWRITING LIMITED,03849926,13.0,24-09-1999,5th Floor 40 Gracechurch Street London England EC3V 0BT,pending,,,,,,,
KILLYGOWAN LIMITED,03829477,13.0,17-08-1999,5th Floor 40 Gracechurch Street London England EC3V 0BT,pending,,,,,,,
PB UNDERWRITING LIMITED,03852294,13.0,28-09-1999,5th Floor 40 Gracechurch Street London England EC3V 0BT,pending,,,,,,,
FORWARD UNDERWRITING LIMITED,03852289,13.0,28-09-1999,5th Floor 40 Gracechurch Street London England EC3V 0BT,pending,,,,,,,
FERRAVALE LIMITED,03641384,13.0,25-09-1998,5th Floor 40 Gracechurch Street London England EC3V 0BT,pending,,,,,,,
YATI CAPITAL LIMITED,07049453,13.0,20-10-2009,50 Braeburn Mansions 5 Mary Neuner Road London England N8 0FA,pending,,,,,,,
A J BUCKLEY ASSET MANAGEMENT LIMITED,02730015,13.0,09-07-1992,The Old Rectory Weybridge KT13 8DE,pending,,,,,,,
KING & SHAXSON ASSET MANAGEMENT LIMITED,03870667,13.0,03-11-1999,155 Fenchurch Street London England EC3M 6AL,pending,,,,,,,
KNIGHT DOLLYS LIMITED,03853046,13.0,29-09-1999,5th Floor 40 Gracechurch Street London England EC3V 0BT,pending,,,,,,,
AINSWORTH CAPITAL LIMITED,07300332,13.0,30-06-2010,22 The Chase Reigate RH2 7DH,pending,,,,,,,
CAPITAL INTERNATIONAL LIMITED,01613098,13.0,11-02-1982,1 Paddington Square London United Kingdom W2 1GL,pending,,,,,,,
CREATIVE CAPITAL FUND GENERAL PARTNER LIMITED,05349344,13.0,01-02-2005,57g Randolph Avenue London W9 1BQ,pending,,,,,,,
CAPEL COURT LIMITED,02686967,13.0,12-02-1992,The Pavilions Eden Park Bristol United Kingdom BS20 0DD,pending,,,,,,,
INGATESTONE GOVERNANCE AND COMPLIANCE LIMITED,07447290,13.0,22-11-2010,146 New London Road Chelmsford England CM2 0AW,pending,,,,,,,
APOLLO MEDIA LTD,03192726,13.0,30-04-1996,Flat 8 30 Redcliffe Square London England SW10 9JY,pending,,,,,,,
COMMITTED CAPITAL LIMITED,04479415,13.0,08-07-2002,148-150 Buckingham Palace Road London England SW1W 9TR,pending,,,,,,,
BANQUE CAPITAL SUISSE LTD,08041240,13.0,23-04-2012,08041240 - COMPANIES HOUSE DEFAULT ADDRESS Cardiff CF14 8LH,pending,,,,,,,
SORS ASSET MANAGEMENT EUROPE LIMITED,07342518,13.0,11-08-2010,23 Berkeley Square London England W1J 6EJ,pending,,,,,,,
SELLEK WEALTH MANAGEMENT LIMITED,07243432,13.0,05-05-2010,Hyak House Cheltenham GL54 5TH,pending,,,,,,,
MILBURN UNDERWRITING LIMITED,05227017,13.0,09-09-2004,5th Floor 70 Gracechurch Street London England EC3V 0XL,pending,,,,,,,
CAPRICORN FUND MANAGERS LIMITED,06849383,13.0,17-03-2009,2nd Floor Malta House London W1J 0DP,pending,,,,,,,
JENNER UNDERWRITING LIMITED,03849918,13.0,24-09-1999,5th Floor 40 Gracechurch Street London England EC3V 0BT,pending,,,,,,,
KILLIN UNDERWRITING LIMITED,03830302,13.0,18-08-1999,5th Floor 40 Gracechurch Street London England EC3V 0BT,pending,,,,,,,
INVESCO ASSET MANAGEMENT LIMITED,00949417,13.0,07-03-1969,Perpetual Park Henley-On-Thames RG9 1HH,pending,,,,,,,
SCHRODER INVESTMENT MANAGEMENT LIMITED,01893220,13.0,07-03-1985,1 London Wall Place London England EC2Y 5AU,pending,,,,,,,
WELLES UNDERWRITING LIMITED,05226381,13.0,09-09-2004,5th Floor 40 Gracechurch Street London England EC3V 0BT,pending,,,,,,,
STAR CAPITAL PARTNERS LIMITED,03862379,13.0,15-10-1999,15th Floor 33 Cavendish Square London England W1G 0PW,pending,,,,,,,
PETER JOHNSON FINANCIAL PLANNING LTD,08248086,13.0,10-10-2012,13 Trinity Square Llandudno LL30 2RB,pending,,,,,,,
KELVEDON INVESTMENTS LTD,07242991,13.0,04-05-2010,14b South Park Drive Gerrards Cross United Kingdom SL9 8JH,pending,,,,,,,
GL INTEGRITY FINANCIAL PLANNING LTD,05814248,13.0,11-05-2006,Bristol & Bath Science Park Bristol & Bath Science Park Bristol England BS16 7FR,pending,,,,,,,
POLUS CAPITAL MANAGEMENT LIMITED,04885685,13.0,03-09-2003,Asticus Building London United Kingdom SW1H 0AD,pending,,,,,,,
CAPITAL PARTNERS LONDON LIMITED,03882524,13.0,24-11-1999,C/O Gkp Viglen House Wembley England HA0 1HD,pending,,,,,,,
CAPITAL DYNAMICS LIMITED,02215798,13.0,01-02-1988,16 St. Martin's Le Grand London England EC1A 4EN,pending,,,,,,,
ALTERA PARTNERS MANAGEMENT LIMITED,04945309,13.0,28-10-2003,Berkeley Square House 2nd Floor Berkeley Square House London England W1J 6BD,pending,,,,,,,
ENVIRONMENTAL FINANCE LIMITED,08195029,13.0,29-08-2012,"W106 Vox Studios,  1-45 Durham Street London England SE11 5JH",pending,,,,,,,
RECLAIM FUND LTD,07344884,13.0,13-08-2010,27 Old Gloucester Street London United Kingdom WC1N 3AX,pending,,,,,,,
IMPAX ASSET MANAGEMENT LIMITED,03583839,13.0,18-06-1998,7th Floor 30 Panton Street London England SW1Y 4AJ,pending,,,,,,,
SORBIETREES UNDERWRITING LIMITED,04521649,13.0,29-08-2002,5th Floor 40 Gracechurch Street London England EC3V 0BT,pending,,,,,,,
GORE ANDREWS NAMECO LIMITED,03852297,13.0,28-09-1999,5th Floor 40 Gracechurch Street London England EC3V 0BT,pending,,,,,,,
VALENTINE UNDERWRITING LIMITED,03637376,13.0,18-09-1998,5th Floor 40 Gracechurch Street London England EC3V 0BT,pending,,,,,,,
A G SADOWSKI UNDERWRITING LIMITED,03840766,13.0,08-09-1999,5th Floor 40 Gracechurch Street London England EC3V 0BT,pending,,,,,,,
FINDOMESTIC LTD,08141652,13.0,12-07-2012,08141652 - COMPANIES HOUSE DEFAULT ADDRESS Cardiff CF14 8LH,pending,,,,,,,
AXM VENTURE CAPITAL LIMITED,05089856,13.0,31-03-2004,57g Randolph Avenue London W9 1BQ,pending,,,,,,,
SPARROWS CAPITAL LIMITED,08623416,12.5,24-07-2013,35-37 Ludgate Hill London England EC4M 7JN,pending,,,,,,,
INGENIOUS CAPITAL MANAGEMENT LIMITED,07728908,12.5,04-08-2011,Myo Piccadilly London United Kingdom W1F 7BL,pending,,,,,,,
KHAGA LIMITED,07548762,12.5,02-03-2011,Flat 6 Fitzjohns Avenue London England NW3 6NP,pending,,,,,,,
SKF TRADING LIMITED,07678618,12.5,22-06-2011,181 Queen Victoria Street London England EC4V 4EG,pending,,,,,,,
FORTUNE TRADING & CONSULTANCY LTD,07501359,12.5,21-01-2011,98 Parkway Erith England DA18 4HH,pending,,,,,,,
LOTUS INVESTMENT MANAGEMENT LTD,07765801,12.5,07-09-2011,33 Glasshouse Street London United Kingdom W1B 5DG,pending,,,,,,,
EPN INTERNATIONAL LIMITED,08688921,12.5,12-09-2013,103 High Street Waltham Cross England EN8 7AN,pending,,,,,,,
CLOUDBREAK LTD,07654377,12.5,01-06-2011,"C/O Gorrie Whitson Limited,  1st Floor,  Cromwell House London England WC1V 6HZ",pending,,,,,,,
DREAM ADVERTISING LTD,09507691,12.5,25-03-2015,71-75 Shelton Street London England WC2H 9JQ,pending,,,,,,,
WISEST LIMITED,09541939,12.5,14-04-2015,25 Norway Gate London England SE16 7TR,pending,,,,,,,
CHIMARA LIMITED,08986533,12.0,08-04-2014,124 City Road 124 City Road London United Kingdom EC1V 2NX,pending,,,,,,,
BORDIER & CIE (UK) PLC,01583393,12.0,01-09-1981,23 King Street London SW1Y 6QY,pending,,,,,,,
ELLIOT FLETCHER LIMITED,05147846,12.0,08-06-2004,Yorkshire House 4th Floor Liverpool United Kingdom L3 9AG,pending,,,,,,,
FLETCHER KING INVESTMENT MANAGEMENT PLC,05862811,12.0,30-06-2006,19-20 Great Pulteney Street London England W1F 9NF,pending,,,,,,,
COLLINS SARRI STATHAM INVESTMENTS LIMITED,06539190,12.0,19-03-2008,138 Fortis Green Road Muswell Hill United Kingdom N10 3DU,pending,,,,,,,
OMNICLOUT LIMITED,10314683,12.0,05-08-2016,2 - 8 Scrutton Street London England EC2A 4RT,pending,,,,,,,
INVESCO FUND MANAGERS LIMITED,00898166,12.0,14-02-1967,Perpetual Park Henley-On-Thames United Kingdom RG9 1HH,pending,,,,,,,
STARHA ENTERPRISES UK LTD,10389120,12.0,22-09-2016,32 St George Street London United Kingdom W1S 2EA,pending,,,,,,,
OAKRIDGE FINANCIAL PLANNING LIMITED,04477172,12.0,04-07-2002,197 Bakers Ground Bristol BS34 8GE,pending,,,,,,,
MARSHALL ZOING LIMITED,04615794,12.0,12-12-2002,Third Floor Liverpool United Kingdom L3 9SJ,pending,,,,,,,
SYNERGIC LINKS LIMITED,06277715,12.0,13-06-2007,164 Forum House Empire Way Wembley England HA9 0HL,pending,,,,,,,
AYRES PUNCHARD INVESTMENT MANAGEMENT LIMITED,06746940,12.0,11-11-2008,Tudor Mead Newport Road Ventnor PO38 2DF,pending,,,,,,,
RICHMOND SPRING CAPITAL PARTNERS LTD,10367157,12.0,09-09-2016,7 Stratford Place London England W1C 1AY,pending,,,,,,,
J H LOWSON & COMPANY LIMITED,08013456,12.0,30-03-2012,16 Dalton Square Lancaster England LA1 1PL,pending,,,,,,,
HEDLEY & COMPANY STOCKBROKERS LIMITED,06355300,12.0,29-08-2007,Suite 20 Manor Court Salesbury Hall Road Preston England PR3 3XR,pending,,,,,,,
MAZAL E&Y LTD,06522503,12.0,04-03-2008,35 Ballards Lane London N3 1XW,pending,,,,,,,
VR FINANZ E.G.,08867022,12.0,29-01-2014,Companyplanet Unit Hounslow/Greater London England TW4 6JQ,pending,,,,,,,
CLIMATE INSULATION LIMITED,06869211,12.0,03-04-2009,Sovereign House Cheadle SK8 2EA,pending,,,,,,,
FINANCIAL LINK LIMITED,02106689,12.0,05-03-1987,29 Wayland Avenue Brighton England BN1 5LW,pending,,,,,,,
CAPDESIA GROUP LIMITED,10428605,12.0,14-10-2016,16 Great Queen Street London United Kingdom WC2B 5AH,pending,,,,,,,
HIP EUROPE MANAGEMENT LTD,06487588,12.0,29-01-2008,Dept 302 43 Owston Road Doncaster England DN6 8DA,pending,,,,,,,
TMS CAPITAL LIMITED,03960337,12.0,30-03-2000,The Innovation Centre University Way Bedford MK43 0BT,pending,,,,,,,
CHARLWOOD IFA LIMITED,04820268,12.0,03-07-2003,35 Seamoor Road Bournemouth BH4 9AE,pending,,,,,,,
REAL FOR INVESTMENT LTD.,10310154,12.0,03-08-2016,4 Greystoke Gardens London W5 1EP,pending,,,,,,,
SAND AIRE LIMITED,03066958,12.0,12-06-1995,1 London Wall Place London England EC2Y 5AU,pending,,,,,,,
MAX OFFSHORE LIMITED,09072068,12.0,05-06-2014,364 West Road Newcastle Upon Tyne United Kingdom NE4 9JY,pending,,,,,,,
FINDON HOUSE LIMITED,10475767,12.0,14-11-2016,4 Wimbledon Close London England SW20 8HW,pending,,,,,,,
RED BOX SERVICES (UK) LTD,09001123,12.0,17-04-2014,71-75 Shelton Street London WC2H 9JQ,pending,,,,,,,
EVOLVE CONSULTING UK LIMITED,04387680,12.0,05-03-2002,607 Corson House City Island Way London England E14 0TL,pending,,,,,,,
FORESIGHT ENTERPRISE VCT PLC,03506579,12.0,03-02-1998,The Shard London SE1 9SG,pending,,,,,,,
JOINT VENTURES (INVESTMENTS) LIMITED,04381821,12.0,26-02-2002,23 Canons Close Radlett WD7 7ER,pending,,,,,,,
FS FIRST SOLUTIONS LIMITED,08006945,12.0,26-03-2012,37th Floor 1 Canada Square London United Kingdom E14 5AA,pending,,,,,,,
UTILITIES INVESTMENT RESEARCH LIMITED,03034260,12.0,17-03-1995,58 Southdean Gardens null SW19 6NU,pending,,,,,,,
RACEFIELDS LTD,06718275,12.0,08-10-2008,Highlands House Highlands Oldham England OL2 5HP,pending,,,,,,,
MENEXCEL LIMITED,07974625,12.0,02-03-2012,85a Creffield Road London W3 9PU,pending,,,,,,,
SOURCE OF INSPIRATION LIMITED,02957266,12.0,10-08-1994,5 Hawley Drive Altrincham England WA15 0DP,pending,,,,,,,
MATTHEW J STOREY LIMITED,05526019,12.0,02-08-2005,Upper Farm Chippenham England SN14 7AG,pending,,,,,,,
FORESIGHT VCT PLC,03421340,12.0,19-08-1997,C/O Foresight Group Llp The Shard London United Kingdom SE1 9SG,pending,,,,,,,
IMPERIAL ARBITRAGE CAPITAL LIMITED,10530467,12.0,17-12-2016,28 Barlow Drive London United Kingdom SE18 4NE,pending,,,,,,,
GATEWAY FINANCIAL ADVISERS (UK) LTD,07261628,12.0,21-05-2010,170 Upper New Walk Leicester LE1 7QA,pending,,,,,,,
EGOY DISTRIBUTION LIMITED,08702913,11.5,24-09-2013,Care Of Goldwins Ltd London England NW6 2EG,pending,,,,,,,
LOGEX LTD,11126296,11.5,28-12-2017,"Studio No. 28,  138 Marylebone Road London England NW1 5PH",pending,,,,,,,
SINCLAIR ADVISORY SERVICES LTD.,07595733,11.5,07-04-2011,Elklands Petworth England GU28 0EA,pending,,,,,,,
DIGICROP TECHNOLOGIES LTD.,10583740,11.5,25-01-2017,71-75 Shelton Street London England WC2H 9JQ,pending,,,,,,,
INVESTING IN YOUR FUTURE LIMITED,08416754,11.5,25-02-2013,36 Westlake Rotherhithe New Road London SE16 2BW,pending,,,,,,,
GLADMAX GROUP LIMITED,10790521,11.5,26-05-2017,31 Belson Road London England SE18 5PU,pending,,,,,,,
SIMPLY EFFECTIVE SOLUTIONS LTD,SC497134,11.5,06-02-2015,SC497134 - COMPANIES HOUSE DEFAULT ADDRESS Edinburgh EH7 9HR,pending,,,,,,,
HAVISHAM ASSETS LIMITED,08379611,11.5,29-01-2013,Level 12 Thames Tower Reading England RG1 1LX,pending,,,,,,,
SYMVAN CAPITAL LIMITED,08772369,11.5,12-11-2013,2 London Wall Place London England EC2Y 5AU,pending,,,,,,,
ADVON SOLUTIONS LIMITED,11088559,11.5,29-11-2017,2 Trevor Road London England SW19 3PW,pending,,,,,,,
DP SUPPORT SERVICES C.I.C.,07645482,11.5,24-05-2011,24 The Firlands Redcar TS11 7AE,pending,,,,,,,
SHANTI CONSULTING LIMITED,10738600,11.5,25-04-2017,81 London Road Leicester England LE2 0PF,pending,,,,,,,
IMPAX ASSET MANAGEMENT (AIFM) LIMITED,08819010,11.5,18-12-2013,7th Floor 30 Panton Street London England SW1Y 4AJ,pending,,,,,,,
WEITZMAN & JOHNSON WEALTH PLANNERS LTD,08410818,11.5,20-02-2013,Churchill House London England NW4 4DJ,pending,,,,,,,
B&E CONSULT LIMITED,11091013,11.5,01-12-2017,Level 3 207 Regent Street London United Kingdom W1B 3HH,pending,,,,,,,
AFLAX LTD,06887676,11.0,24-04-2009,Suite 58 Princes Court London England SW3 1ET,pending,,,,,,,
UPSILON BETA INVESTMENT LTD,07996938,11.0,20-03-2012,3 Chapel Street Congleton England CW12 4AB,pending,,,,,,,
C M WHITE INVESTMENTS LIMITED,02399561,11.0,29-06-1989,"Arbor C/O Winckworth Sherwood,  Arbor London United Kingdom SE1 9AX",pending,,,,,,,
BARGAIN MUNKY LIMITED,09133268,11.0,16-07-2014,49 Albion Road Birmingham England B21 8BG,pending,,,,,,,
PROJECT XYZ LIMITED,10346473,11.0,25-08-2016,71-75 Shelton Street Covent Garden London United Kingdom WC2H 9JQ,pending,,,,,,,
INVESTMENT WISE LIMITED,10354965,11.0,01-09-2016,52 Marsham Street Maidstone England ME14 1HH,pending,,,,,,,
THREADNEEDLE PENSIONS LIMITED,00984167,11.0,09-07-1970,Cannon Place London EC4N 6AG,pending,,,,,,,
THREADNEEDLE ASSET MANAGEMENT LIMITED,00573204,11.0,22-10-1956,Cannon Place London EC4N 6AG,pending,,,,,,,
SUNDELL LIMITED,11383586,11.0,25-05-2018,27 Old Gloucester Street London United Kingdom WC1N 3AX,pending,,,,,,,
AXA INVESTMENT MANAGERS UK LIMITED,01431068,11.0,19-06-1979,22 Bishopsgate London United Kingdom EC2N 4BQ,pending,,,,,,,
AXA INVESTMENT MANAGERS GS LIMITED,03601496,11.0,21-07-1998,22 Bishopsgate London United Kingdom EC2N 4BQ,pending,,,,,,,
VIJAY ASSOCIATES LIMITED,03380291,11.0,03-06-1997,24 Gatehill Road Northwood England HA6 3QD,pending,,,,,,,
HALLMARK CORPORATE FINANCE LTD,11622352,11.0,15-10-2018,31 Belson Road London England SE18 5PU,pending,,,,,,,
SOCIAL LOGIC LTD,11675749,11.0,13-11-2018,101 Corson House City Island Way London England E14 0TL,pending,,,,,,,
SOLD IT ONLINE LIMITED,11161877,11.0,22-01-2018,4 Wimbledon Close London England SW20 8HW,pending,,,,,,,
SOVEREIGN ASSETS & INVESTMENTS LIMITED,07975354,11.0,05-03-2012,6 Barnfield Place London England E14 9YA,pending,,,,,,,
ROSSINGTON WEALTH MANAGEMENT LTD,09937771,11.0,06-01-2016,3 Crickets Drive Lincoln England LN2 2GS,pending,,,,,,,
ALPHA TELECOMMUNICATIONS LIMITED,07051047,11.0,20-10-2009,118 Park Avenue Barking England IG11 8QX,pending,,,,,,,
LONDON CAPITAL INTERNATIONAL LTD,11385866,11.0,29-05-2018,128 City Road London United Kingdom EC1V 2NX,pending,,,,,,,
FUNDROCK PARTNERS LIMITED,04162989,11.0,19-02-2001,Hamilton Centre Chelmsford England CM1 3BY,pending,,,,,,,
OXFORD TECHNOLOGY 2 VENTURE CAPITAL TRUST PLC,03928569,11.0,18-02-2000,Magdalen Centre Oxford OX4 4GA,pending,,,,,,,
DAKSFIRST LIMITED,11626401,11.0,16-10-2018,8 Hill Street London England W1J 5NG,pending,,,,,,,
RLUM LIMITED,02369965,11.0,10-04-1989,80 Fenchurch Street London United Kingdom EC3M 4BY,pending,,,,,,,
ROYAL LONDON ASSET MANAGEMENT LIMITED,02244297,11.0,14-04-1988,80 Fenchurch Street London United Kingdom EC3M 4BY,pending,,,,,,,
MOMENTUM INVESTING LTD,09121989,11.0,08-07-2014,84 High Street London England NW10 4SJ,pending,,,,,,,
(CGN) CAPITAL GROWTH NETWORK LTD,09041461,11.0,15-05-2014,167 Gloucester Terrace London W2 6DX,pending,,,,,,,
CAPITAL FINANCE AND INVESTMENT MANAGEMENT LIMITED,06756876,11.0,24-11-2008,Pyramid House London England N12 9RT,pending,,,,,,,
YFT CONSULT LTD,10031322,11.0,29-02-2016,57 Greens Valley Drive Stockton-On-Tees England TS18 5QH,pending,,,,,,,
THE HOUSEHOLD CAVALRY FOUNDATION,08236363,11.0,02-10-2012,Horse Guards Household Cavalry Foundation London SW1A 2AX,pending,,,,,,,
ORIGIN INVEST LIMITED,07091807,11.0,01-12-2009,Floor 2 Berkeley Square House Berkeley Square London W1J 6BD,pending,,,,,,,
FAIRWAY CAPITAL LTD,10134142,11.0,19-04-2016,21-23 Ives Street Chelsea United Kingdom SW3 2ND,pending,,,,,,,
LEASEFIN LIMITED,01370470,11.0,25-05-1978,97 Southover London N12 7HG,pending,,,,,,,
T. BAILEY ASSET MANAGEMENT LIMITED,03720372,11.0,25-02-1999,Toll Bar House Landmere Lane Nottingham England NG12 4DG,pending,,,,,,,
F.M.I. BANQUE LTD,11523211,11.0,17-08-2018,85 Great Portland Street London United Kingdom W1W 7LT,pending,,,,,,,
COMMITTED CAPITAL FINANCIAL SERVICES LIMITED,03810820,11.0,21-07-1999,148-150 Buckingham Palace Road London England SW1W 9TR,pending,,,,,,,
THE ECU GROUP PUBLIC LIMITED COMPANY,02296619,11.0,14-09-1988,17 Shirwell Crescent Milton Keynes England MK4 1GA,pending,,,,,,,
CETEX.ONLINE LTD,11130034,11.0,02-01-2018,10 Upper Bank Street London England E14 5GH,pending,,,,,,,
BIG ISSUE INVEST LIMITED,04764982,11.0,14-05-2003,113-115 Fonthill Road London England N4 3HH,pending,,,,,,,
CHURCHILL INVESTMENTS PLC,03125227,11.0,13-11-1995,9 Woodborough Road Winscombe BS25 1AB,pending,,,,,,,
SOFTPOINT LICENCING LTD,04228348,11.0,04-06-2001,Unit 5 Mosley Business Park Burton On Trent DE14 1DW,pending,,,,,,,
CANYON CAPITAL ADVISORS (EUROPE) LIMITED,05886261,11.0,25-07-2006,"Suite 1,  7th Floor 50 Broadway London United Kingdom SW1H 0BL",pending,,,,,,,
BESTPORT PRIVATE EQUITY LIMITED,11234307,11.0,05-03-2018,42 Upper Berkeley St London United Kingdom W1H 5QL,pending,,,,,,,
NEW AGE CONSULT (RESIDENTIAL) LIMITED,06103547,11.0,14-02-2007,C/O Incorporate Online Ltd Suite 3 Newbury Park United Kingdom IG2 7HU,pending,,,,,,,
CLEARANCE CAPITAL LIMITED,06760235,11.0,27-11-2008,3 Copthall Avenue London England EC2R 7BH,pending,,,,,,,
SPRING CAPITAL PARTNERS LIMITED,06310222,11.0,11-07-2007,Basildon House London England EC2R 6AF,pending,,,,,,,
BLACK RIVER CAPITAL LTD,11254392,11.0,14-03-2018,111b 111b Bishops Way London United Kingdom E2 9HL,pending,,,,,,,
BARRHILL COMMUNITY INTEREST COMPANY,SC348907,11.0,22-09-2008,Memorial Hall Main Street Girvan Scotland KA26 0PP,pending,,,,,,,
MADARA CAPITAL MANAGEMENT LTD,10425704,11.0,13-10-2016,"39th Floor,  One Canada Square London England E14 5AB",pending,,,,,,,
HASMA CAPITAL ADVISORS (UK) LIMITED,06242054,11.0,09-05-2007,23 Hill Street London England W1J 5JW,pending,,,,,,,
INVESTRIUM LIMITED,10491728,11.0,22-11-2016,15 Siskin Avenue Dalton-In-Furness England LA15 8QB,pending,,,,,,,
HEARTHSTONE INVESTMENTS LIMITED,06379066,11.0,24-09-2007,"Suite 2.06,  Bridge House 181 Queen Victoria Street London United Kingdom EC4V 4EG",pending,,,,,,,
COUNSELOR SERVICE HOLDING LTD,11158428,11.0,19-01-2018,20-22 Wenlock Road London England N1 7GU,pending,,,,,,,
CENKOS SECURITIES (TRUSTEES) LIMITED,05780209,11.0,13-04-2006,1 Bartholomew Close London England EC1A 7BL,pending,,,,,,,
LAGUNA INTERNATIONAL BUSINESS CONSULTING LIMITED,12145682,10.5,08-08-2019,Kemp House London United Kingdom EC1V 2NX,pending,,,,,,,
EHG & G PLANNING LTD,10971078,10.5,19-09-2017,60 Hilltop Lane Caterham England CR3 5BG,pending,,,,,,,
VARNA CONSULTANCY LTD,10600992,10.5,06-02-2017,Flat 3 St Floor London England WC1N 1AP,pending,,,,,,,
EVLEN  CAPITAL  INVESTMENTS LTD,12272000,10.5,21-10-2019,20-22 Wenlock Road London England N1 7GU,pending,,,,,,,
ALPHA QUANTS LIMITED,09395881,10.5,19-01-2015,115 Hampstead Road London England NW1 3EE,pending,,,,,,,
SALORIA ECO BUSINESS LTD,08815861,10.5,16-12-2013,Unit 27 Cygnus Business Centre London England NW10 2XA,pending,,,,,,,
ENCRYPTICON LTD,11770092,10.5,16-01-2019,20-22 Wenlock Road London England N1 7GU,pending,,,,,,,
HALLMARK ASSETS MANAGEMENT LIMITED,12234241,10.5,30-09-2019,31 Belson Road London England SE18 5PU,pending,,,,,,,
LADHAM PROPERTIES LIMITED,07544227,10.5,28-02-2011,Hill View House Cranbrook TN17 3AD,pending,,,,,,,
MD SOLUTION GROUP LIMITED,10746006,10.5,28-04-2017,Suite 1 Mease Croft Birmingham B9 4PW,pending,,,,,,,
RISKSAVE TECHNOLOGIES LTD,09930262,10.5,29-12-2015,2 Eastbourne Terrace London England W2 6LG,pending,,,,,,,
9912085 LTD,09912085,10.5,10-12-2015,"C/O Specialist Mobility Training Ltd,  Unit 6 Leamington Spa England CV31 3RG",pending,,,,,,,
CROWNGLOBAL CAPITAL UK LIMITED,12206004,10.5,13-09-2019,3 Portnall Road London United Kingdom W9 3BA,pending,,,,,,,
BUTWHO ENTERTAINMENT GROUP LTD,11987148,10.5,09-05-2019,1st Floor 124 Cleveland Street London United Kingdom W1T 6PG,pending,,,,,,,
BLINNIO PARTNERS LTD,10841882,10.5,29-06-2017,19 Ellington House Ashmore Road London England SE18 4AS,pending,,,,,,,
EDUARD TRANSPORT SERVICES LTD,10690786,10.5,27-03-2017,11 Parrys Grove Bristol England BS9 1TT,pending,,,,,,,
SILICON SILK LTD,12039590,10.5,07-06-2019,128 City Road London England EC1V 2NX,pending,,,,,,,
CRAGG ESTATE MANAGEMENT LTD,07814071,10.5,18-10-2011,85 Percy Road London W12 9QH,pending,,,,,,,
GROSVENOR SERVICE SOLUTIONS LIMITED,09601954,10.5,20-05-2015,3 Bronte View Gravesend England DA12 1PX,pending,,,,,,,
ZEUSS CHILDCARE LIMITED,09915813,10.5,14-12-2015,33 Charterhouse Street London United Kingdom EC1M 6HA,pending,,,,,,,
EVOLUTIS CAPITAL LTD,07591020,10.5,05-04-2011,58 Marryat Road London England SW19 5BD,pending,,,,,,,
REALIZE.VC LIMITED,10693224,10.5,28-03-2017,66 Shelburne Road High Wycombe England HP12 3NQ,pending,,,,,,,
SEAWEST INDUSTRIES LTD,07839691,10.5,08-11-2011,Flat 4 Redcliffe Gardens 52 London England SW10 9HB,pending,,,,,,,
CITYSTONE ALLIANCE GROUP LTD,12169223,10.5,22-08-2019,"4th Floor,  18 St. Cross Street London England EC1N 8UN",pending,,,,,,,
J.E.DEVEREUX LTD,SC454393,10.5,12-07-2013,1 Campview Edinburgh Scotland EH22 1QD,pending,,,,,,,
GTF INVESTMENT GROUP LIMITED,12048963,10.5,13-06-2019,27 Old Gloucester Street London United Kingdom WC1N 3AX,pending,,,,,,,
CBA CAPITAL PARTNERS LTD,11862974,10.5,05-03-2019,"95 Mortimer Street,  Suite 26 London United Kingdom W1W 7GB",pending,,,,,,,
GULFCAP GROUP LIMITED,11102374,10.5,07-12-2017,23a Kenilworth Gardens Hayes UB4 0AY,pending,,,,,,,
PEAR TREE PARTNERSHIP LTD,08424007,10.5,28-02-2013,Fulwood Godalming GU7 1QF,pending,,,,,,,
REVOLUX CAPITAL LTD,08714253,10.5,02-10-2013,7 Bell Yard London England WC2A 2JR,pending,,,,,,,
ANTERRA LIMITED,07953000,10.0,16-02-2012,7-8 Ritz Parade London W5 3RA,pending,,,,,,,
BAOBAB INVESTMENT MANAGERS LTD,07456530,10.0,01-12-2010,Leytonstone House London England E11 1GA,pending,,,,,,,
AUTONOMY SERVICE COMPANY LIMITED,04607476,10.0,03-12-2002,9 Appold Street London England EC2A 2AP,pending,,,,,,,
BALYASNY INTERNATIONAL ASSET MANAGEMENT LIMITED,05147664,10.0,08-06-2004,23 King Street London England SW1Y 6QY,pending,,,,,,,
MULVANEY CAPITAL MANAGEMENT LIMITED,03734035,10.0,17-03-1999,5th Floor 3 Moorgate Place London England EC2R 6EA,pending,,,,,,,
AZINI 3 (GENERAL PARTNER) LIMITED,04000835,10.0,19-05-2000,32 Maple Street London W1T 6HB,pending,,,,,,,
NAPIER PARK GLOBAL CAPITAL LTD,07480435,10.0,31-12-2010,5 Hanover Square London England W1S 1HE,pending,,,,,,,
THREE BODY CAPITAL LIMITED,11642880,10.0,25-10-2018,30 Churchill Place London England E14 5RE,pending,,,,,,,
J ROTHSCHILD CAPITAL MANAGEMENT LIMITED,02201053,10.0,01-12-1987,27 St. James's Place London SW1A 1NR,pending,,,,,,,
PALATIUM INVESTMENT MANAGEMENT LIMITED,05455959,10.0,18-05-2005,6th Floor Kings House London England SW1Y 4BP,pending,,,,,,,
OAK HILL ADVISORS (U.K. SERVICES) LIMITED,05477617,10.0,10-06-2005,45 Pall Mall London SW1Y 5JG,pending,,,,,,,
LK ADVISERS LIMITED,04310198,10.0,24-10-2001,"Berkeley Square House,  Fifth Floor London United Kingdom W1J 6BY",pending,,,,,,,
FYRESQUARE CAPITAL LIMITED,07284517,10.0,15-06-2010,2 St. James's Street London England SW1A 1EF,pending,,,,,,,
GAM STERLING MANAGEMENT LIMITED,01750352,10.0,06-09-1983,8 Finsbury Circus London England EC2M 7GB,pending,,,,,,,
GAM LONDON LIMITED,00874802,10.0,24-03-1966,8 Finsbury Circus London England EC2M 7GB,pending,,,,,,,
HAMILTON LANE (UK) LIMITED,04507221,10.0,08-08-2002,"10 Bressenden Place,  4th Floor London United Kingdom SW1E 5DH",pending,,,,,,,
EVEREST INVESTMENTS MANAGEMENT LIMITED,06756975,10.0,24-11-2008,Pyramid House London England N12 9RT,pending,,,,,,,
PRAGMA WEALTH MANAGEMENT LTD.,04191349,10.0,30-03-2001,"The Scalpel,  18th Floor London United Kingdom EC3M 7AF",pending,,,,,,,
LONGVIEW PARTNERS (UK) LIMITED,04170481,10.0,01-03-2001,Savoystrand London England WC2R 0AA,pending,,,,,,,
RESOLUTION PROPERTY FM LIMITED,04446371,10.0,23-05-2002,7 Heddon Street London England W1B 4BD,pending,,,,,,,
HERACLES CAPITAL LTD,12973217,10.0,26-10-2020,1 Lindfield Gardens London England NW3 6PX,pending,,,,,,,
INFINITY INVESTMENT PROJECTS LTD,12660982,10.0,10-06-2020,49 Foxbourne Road London United Kingdom SW17 8AS,pending,,,,,,,
WORLDINVEST MANAGEMENT LTD.,06950394,10.0,02-07-2009,Southwest House London England SW1Y 4LR,pending,,,,,,,
MITSUBISHI UFJ ASSET MANAGEMENT (UK) LTD.,01842259,10.0,20-08-1984,24 Lombard Street London EC3V 9AJ,pending,,,,,,,
THOMPSON TARAZ MANAGERS LIMITED,04482509,10.0,10-07-2002,"C/O Thompson Taraz Llp 4th Floor,  Stanhope House London England W1K 1PR",pending,,,,,,,
PRIMARY CAPITAL LIMITED,02924207,10.0,29-04-1994,Augustine House London EC2N 2HA,pending,,,,,,,
MAYFAIR SPORTS VENTURES LTD,12455157,10.0,11-02-2020,71-75 Shelton Street London England WC2H 9JQ,pending,,,,,,,
CHELTON CAPITAL LIMITED,11493173,10.0,31-07-2018,128 City Road London United Kingdom EC1V 2NX,pending,,,,,,,
SAMENA CAPITAL LIMITED,06526886,10.0,07-03-2008,14 Hanover Square Office 2.15b London United Kingdom W1S 1HN,pending,,,,,,,
PROSPERITY CAPITAL MANAGEMENT (UK) LIMITED,04959887,10.0,11-11-2003,3rd Floor 207 Regent Street London United Kingdom W1B 3HH,pending,,,,,,,
HEDGE FUNDS LIMITED,03591243,10.0,01-07-1998,30 Crown Place London England EC2A 4EB,pending,,,,,,,
PIMCO EUROPE LTD,02604517,10.0,24-04-1991,11 Baker Street London W1U 3AH,pending,,,,,,,
PORTLAND INVESTMENTS (AM) LIMITED,07427829,10.0,03-11-2010,Portland House Durham England DH1 4QP,pending,,,,,,,
ALTUS INVESTMENT MANAGEMENT LIMITED,04940982,10.0,22-10-2003,24 Grosvenor Street London England W1K 4QN,pending,,,,,,,
PRADERA LIMITED,03786152,10.0,10-06-1999,3rd Floor 345 Oxford Street London England W1C 2JD,pending,,,,,,,
POINT ONE GLOBAL INVESTMENT LIMITED,11489860,10.0,30-07-2018,88 Sycamore Avenue Peterborough United Kingdom PE1 4JU,pending,,,,,,,
LINGA UK LIMITED,05374629,10.0,24-02-2005,70 Great Arthur House Fann Street City Of London EC1Y 0RQ,pending,,,,,,,
HEDGE FUNDS INVESTMENT MANAGEMENT LIMITED,03591241,10.0,01-07-1998,30 Crown Place London EC2A 4ES,pending,,,,,,,
FAIRHOLME MANAGEMENT LIMITED,00698486,10.0,17-07-1961,58 Suite 8 London United Kingdom NW8 6AG,pending,,,,,,,
RREEF EUROPEAN VALUE ADDED I (G.P.) LIMITED,05869878,10.0,07-07-2006,21 Moorfields London United Kingdom EC2Y 9DB,pending,,,,,,,
SHORE CAPITAL LIMITED,03841076,10.0,09-09-1999,Cassini House London England SW1A 1LD,pending,,,,,,,
NINETY ONE UK LIMITED,02036094,10.0,10-07-1986,55 Gresham Street London England EC2V 7EL,pending,,,,,,,
POLUNIN CAPITAL PARTNERS LIMITED,04132122,10.0,28-12-2000,10 Cavalry Square London SW3 4RB,pending,,,,,,,
OTUS CAPITAL MANAGEMENT LIMITED,04095762,10.0,19-10-2000,29 Queen Annes Gate London England SW1H 9BU,pending,,,,,,,
SWISS LIFE ASSET MANAGERS UK LIMITED,04846209,10.0,25-07-2003,55 Wells Street London England W1T 3PT,pending,,,,,,,
DRAKE HOWELL LIMITED,09244948,10.0,02-10-2014,The Old Farmhouse Paices Hill Reading England RG7 4PG,pending,,,,,,,
ALLSPRING GLOBAL INVESTMENTS (UK) LIMITED,03710963,10.0,10-02-1999,30 Cannon Street London United Kingdom EC4M 6XH,pending,,,,,,,
IGLOO REGENERATION (GENERAL PARTNER) LIMITED,04299836,10.0,05-10-2001,80 Fenchurch Street London United Kingdom EC3M 4AE,pending,,,,,,,
PICNIC INVESTMENT LIMITED,11459868,10.0,11-07-2018,W106 Vox Studios Durham Street London England SE11 5JH,pending,,,,,,,
DWS INVESTMENTS UK LIMITED,05233891,10.0,16-09-2004,21 Moorfields London United Kingdom EC2Y 9DB,pending,,,,,,,
ARDIAN INVESTMENT UK LIMITED,05654928,10.0,15-12-2005,1 Grafton Street London W1S 4FE,pending,,,,,,,
NIPPON LIFE SCHRODERS ASSET MANAGEMENT EUROPE LIMITED,03709605,10.0,02-02-1999,1 London Wall Place London England EC2Y 5AU,pending,,,,,,,
GUINNESS ASSET MANAGEMENT LIMITED,04647882,10.0,27-01-2003,18 Smith Square London England SW1P 3HZ,pending,,,,,,,
FOREXBOND LTD,12615479,10.0,21-05-2020,128 City Road London United Kingdom EC1V 2NX,pending,,,,,,,
CONNING ASSET MANAGEMENT LIMITED,03654447,10.0,16-10-1998,24 Monument Street London EC3R 8AJ,pending,,,,,,,
COHEN & STEERS UK LIMITED,05861206,10.0,29-06-2006,The Burlian 3 Dering Street London England W1S 1AA,pending,,,,,,,
THREADNEEDLE INTERNATIONAL LIMITED,02283244,10.0,02-08-1988,Cannon Place London EC4N 6AG,pending,,,,,,,
CAL INVESTMENTS LIMITED,01488617,10.0,31-03-1980,"1st Floor,  Nicholas House London England EC4R 0EU",pending,,,,,,,
HEARTHSTONE ASSET MANAGEMENT LIMITED,07458920,10.0,02-12-2010,"Suite 2.06,  Bridge House 181 Queen Victoria Street London United Kingdom EC4V 4EG",pending,,,,,,,
ATOMOS INVESTMENTS LIMITED,02041819,10.0,29-07-1986,2nd Floor 5 Hatfields (Alto) London United Kingdom SE1 9PG,pending,,,,,,,
WREN INVESTMENT OFFICE LIMITED,10286208,10.0,19-07-2016,66 Lincoln's Inn Fields London United Kingdom WC2A 3LH,pending,,,,,,,
BREGAL (CUSTODY) LIMITED,04615819,10.0,12-12-2002,20 Air Street London England W1B 5AN,pending,,,,,,,
COMMANDER ASSET MANAGEMENT LIMITED,04301639,10.0,09-10-2001,2 St. Andrew's Hill London EC4V 5BY,pending,,,,,,,
ASPECT CAPITAL LIMITED,03491169,10.0,12-01-1998,10 Portman Square London W1H 6AZ,pending,,,,,,,
MAKOR PARTNERS LIMITED,07275915,10.0,07-06-2010,30 Panton Street London England SW1Y 4AJ,pending,,,,,,,
REDWOOD CAPITAL (EUROPE) LIMITED,03899931,10.0,21-12-1999,"3rd Floor,  Waverley House London United Kingdom W1F 8GQ",pending,,,,,,,
MKP CAPITAL UK LTD,07400336,10.0,07-10-2010,5 Hanover Square London England null,pending,,,,,,,
TWO RIVERS FINANCIAL PLANNING LIMITED,05298510,10.0,26-11-2004,33 Main Road Caldicot NP26 5SA,pending,,,,,,,
CIT FINANCIAL SERVICES LIMITED,03889608,10.0,07-12-1999,1st Floor 1 Red Place London England W1K 6PL,pending,,,,,,,
RHOMBUS PRIVATE CAPITAL LIMITED,04404988,10.0,27-03-2002,116 Silverdale Avenue Walton-On-Thames United Kingdom KT12 1EQ,pending,,,,,,,
COLLIERS CAPITAL HOLDINGS LIMITED,06430656,10.0,19-11-2007,95 Wigmore Street London England W1U 1FF,pending,,,,,,,
FINANCE EARTH LIMITED,12955180,10.0,15-10-2020,W106 Vox Studios 1-45 Durham Street London United Kingdom SE11 5JH,pending,,,,,,,
CHARLES TAYLOR INVESTMENT MANAGEMENT COMPANY LIMITED,02597752,10.0,27-03-1991,2 Minster Court London United Kingdom EC3R 7BB,pending,,,,,,,
AKO CAPITAL MANAGEMENT LIMITED,05411627,10.0,01-04-2005,One Newman Street London England W1T 1PB,pending,,,,,,,
BLUEBAY ASSET MANAGEMENT INTERNATIONAL LIMITED,05310624,10.0,10-12-2004,100 Bishopsgate London England EC2N 4AA,pending,,,,,,,
GMO U.K. LIMITED,04658801,10.0,06-02-2003,No. 1 London Bridge London SE1 9BG,pending,,,,,,,
BALBEC CAPITAL LIMITED,07123905,10.0,13-01-2010,1st Floor 3-4 London NW4 2EL,pending,,,,,,,
SAPPHIRE CAPITAL LTD,04675455,10.0,24-02-2003,"47 Velsheda Court Hythe Marina Village Hythe,  Southampton United Kingdom SO45 6DW",pending,,,,,,,
HANDELSBANKEN WEALTH & ASSET MANAGEMENT LIMITED,04132340,10.0,29-12-2000,25 Basinghall Street London England EC2V 5HA,pending,,,,,,,
GALMERROW SECURITIES LIMITED,00934842,10.0,03-07-1968,2 Piries Place Horsham United Kingdom RH12 1EH,pending,,,,,,,
ASHMORE INVESTMENT MANAGEMENT LIMITED,03344281,10.0,03-04-1997,16 Palace Street London England SW1E 5JD,pending,,,,,,,
IWP INVESTMENT MANAGEMENT LIMITED,01812617,10.0,01-05-1984,101 Wigmore Street London United Kingdom W1U 1QU,pending,,,,,,,
OX GLOBAL INVESTMENTS LTD,06884280,10.0,22-04-2009,22a St James's Square London England SW1Y 4JH,pending,,,,,,,
DUKE STREET GENERAL PARTNER LIMITED,03565673,10.0,18-05-1998,"Third Floor (East),  Carrington House London England W1B 5SE",pending,,,,,,,
HARBOUR LITIGATION FUNDING LTD,06426478,10.0,14-11-2007,Suite 2a Princes House London England SW1Y 6DN,pending,,,,,,,
GORILLA TECH CAPITAL LIMITED,03564275,10.0,14-05-1998,64 North Row London England W1K 7DA,pending,,,,,,,
FUTURE VALUE LIMITED,07433597,10.0,09-11-2010,167-169 Great Portland Street London England W1W 5PF,pending,,,,,,,
MANOR PARK CARE LIMITED,04681146,10.0,27-02-2003,Pyramid House London England N12 9RT,pending,,,,,,,
INNISFREE COINVESTMENTS LIMITED,05118369,10.0,04-05-2004,"1st Floor,  Boundary House London United Kingdom EC1M 6HR",pending,,,,,,,
INNISFREE LIMITED,03039792,10.0,30-03-1995,"First Floor,  Boundary House London United Kingdom EC1M 6HR",pending,,,,,,,
INNISFREE RESOURCES LIMITED,03817389,10.0,30-07-1999,"1st Floor,  Boundary House London United Kingdom EC1M 6HR",pending,,,,,,,
INNISFREE SECONDARY SLP LIMITED,06223514,10.0,23-04-2007,"1st Floor,  Boundary House London United Kingdom EC1M 6HR",pending,,,,,,,
INNISFREE IMPPP 1 LIMITED,04386611,10.0,04-03-2002,"1st Floor,  Boundary House London United Kingdom EC1M 6HR",pending,,,,,,,
INNISFREE CONTINUATION PARTNERS (MEMBER) LIMITED,03552874,10.0,24-04-1998,"1st Floor,  Boundary House London United Kingdom EC1M 6HR",pending,,,,,,,
INNISFREE CONTINUATION SLP LIMITED,05623327,10.0,15-11-2005,"1st Floor,  Boundary House London England EC1M 6HR",pending,,,,,,,
INNISFREE EXGP SECONDARY LIMITED,06243650,10.0,10-05-2007,"1st Floor,  Boundary House London United Kingdom EC1M 6HR",pending,,,,,,,
POLAR CAPITAL SECRETARIAL SERVICES LIMITED,04138229,10.0,10-01-2001,16 Palace Street London SW1E 5JD,pending,,,,,,,
JAGUAR INVESTMENTS LIMITED,04401454,10.0,22-03-2002,71 Queen Victoria Street London England EC4V 4BE,pending,,,,,,,
TURFMOOR CONSULTING LTD,11257260,10.0,15-03-2018,6 Richmond Mansions East Twickenham England TW1 2HH,pending,,,,,,,
IFM INVESTORS (UK) LTD,05857982,10.0,26-06-2006,2 London Wall Place London England EC2Y 5AU,pending,,,,,,,
IFDC LIMITED,01746367,10.0,16-08-1983,33 Cavendish Square London England W1G 0PW,pending,,,,,,,
NUVEEN INVESTMENT MANAGEMENT INTERNATIONAL LIMITED,02137726,10.0,04-06-1987,9th Floor 201 London EC2M 3BN,pending,,,,,,,
EFES CONSULTING UK LTD,13087903,10.0,17-12-2020,Britannia House London England W6 0LH,pending,,,,,,,
E.D. CHAPMAN LIMITED,00712109,10.0,03-01-1962,61 Bridge Street Kington United Kingdom HR5 3DJ,pending,,,,,,,
D'ORSA CAPITAL LIMITED,07183440,10.0,09-03-2010,4th Floor Fitzrovia House London W1T 6QW,pending,,,,,,,
LANSDOWNE PARTNERS LIMITED,03514088,10.0,20-02-1998,65 Curzon Street London England W1J 8PE,pending,,,,,,,
CENKOS FUND MANAGEMENT LIMITED,06181222,10.0,23-03-2007,1 Bartholomew Close London England EC1A 7BL,pending,,,,,,,
MUSSARD & CO. WEALTH MANAGEMENT LIMITED,07203602,10.0,25-03-2010,Turnpike House 1208-1210 London Road Leigh-On-Sea SS9 2UA,pending,,,,,,,
BROMPTON PARTNERS LIMITED,07184850,10.0,10-03-2010,1 Knightsbridge Green London SW1X 7QA,pending,,,,,,,
ABRAXAS CAPITAL MANAGEMENT LIMITED,04519371,10.0,27-08-2002,4th Floor 399-401 Strand London United Kingdom WC2R 0LT,pending,,,,,,,
ROOT CAPITAL (FOUNDER PARTNER) LIMITED,04762967,10.0,13-05-2003,44 Catherine Place London England SW1E 6HL,pending,,,,,,,
ALANGO EVENTS CONSULTING INTERNATIONAL LTD,11716122,10.0,06-12-2018,2nd Floor College House Ruislip United Kingdom HA4 7AE,pending,,,,,,,
BELGRAVE CAPITAL MANAGEMENT LIMITED,03105821,10.0,22-09-1995,85 Great Portland Street London United Kingdom W1W 7LT,pending,,,,,,,
GESTORIA LIMITED,07953766,10.0,17-02-2012,7-8 Ritz Parade London W5 3RA,pending,,,,,,,
EXCLUSIVE CAPITAL PARTNERS GLOBAL LIMITED,12507585,10.0,10-03-2020,7 Bell Yard London United Kingdom WC2A 2JR,pending,,,,,,,
J SAINSBURY COMMON INVESTMENT FUND LIMITED,02789936,10.0,15-02-1993,33 Charterhouse Street London England EC1M 6HA,pending,,,,,,,
NEWTON MANAGEMENT LIMITED,02769904,10.0,02-12-1992,160 Queen Victoria Street London England EC4V 4LA,pending,,,,,,,
STEPHEN GRUNDY LIMITED,07384282,10.0,22-09-2010,Towngate House 2-8 Parkstone Road Poole BH15 2PW,pending,,,,,,,
GOLDFIELDS VAULTX LTD,12739243,10.0,13-07-2020,128 City Road London United Kingdom EC1V 2NX,pending,,,,,,,
PRINCIPAL REAL ESTATE EUROPE LIMITED,06434632,10.0,22-11-2007,1 Wood Street London United Kingdom EC2V 7JB,pending,,,,,,,
MACKENZIE TAYLOR WEALTH MANAGEMENT LTD.,SC313079,10.0,06-12-2006,53 Culduthel Mains Gardens Inverness Scotland IV2 6RD,pending,,,,,,,
CHIKARA INVESTMENT SERVICES LIMITED,05396509,10.0,17-03-2005,5-10 Bolton Street London United Kingdom W1J 8BA,pending,,,,,,,
EXXONMOBIL PENSION TRUST LIMITED,00371341,10.0,18-12-1941,Fawley Administration Building Fawley Refinery Fawley United Kingdom SO45 1TX,pending,,,,,,,
FALCON MONEY MANAGEMENT UK LIMITED,06726423,10.0,17-10-2008,Elementa Workspace London United Kingdom W1G 0PW,pending,,,,,,,
DAIWA ASSET MANAGEMENT (EUROPE) LTD,02045607,10.0,11-08-1986,62-64 Cornhill London England EC3V 3NH,pending,,,,,,,
CBH WEALTH UK LIMITED,07013856,10.0,09-09-2009,One Fleet Place London EC4M 7WS,pending,,,,,,,
ALBERON SERVICES LIMITED,02802006,10.0,22-03-1993,Chancellors House 3 Brampton Lane London England NW4 4AB,pending,,,,,,,
EATON VANCE MANAGEMENT (INTERNATIONAL) LIMITED,04228294,10.0,04-06-2001,125 Old Broad Street London EC2N 1AR,pending,,,,,,,
CORPORATION ONE LTD,06889334,10.0,28-04-2009,29 Langland Gardens London England NW3 6QE,pending,,,,,,,
RUGBY RADIO STATION (GENERAL PARTNER) LIMITED,04944892,10.0,27-10-2003,80 Fenchurch Street London United Kingdom EC3M 4AE,pending,,,,,,,
AMUNDI (UK) LIMITED,01753527,10.0,16-09-1983,77 Coleman Street London United Kingdom EC2R 5BJ,pending,,,,,,,
PEDIMENT CAPITAL PARTNERS LIMITED,11527558,10.0,20-08-2018,11 Conduit Mews London England W2 3RE,pending,,,,,,,
SILK INVEST LIMITED,06603042,10.0,27-05-2008,30 Churchill Place London England E14 5RE,pending,,,,,,,
FOUNDATION PROPERTY COMPANY LIMITED,01930587,10.0,15-07-1985,101 New Cavendish Street London United Kingdom W1W 6XH,pending,,,,,,,
BROAD STREET ASSET MANAGEMENT LTD,11235406,10.0,05-03-2018,7/8 Avon Reach Chippenham United Kingdom SN15 1EE,pending,,,,,,,
MILLENNIUM GLOBAL INVESTMENTS LIMITED,02964847,10.0,05-09-1994,15th Floor 88 Wood Street London England EC2V 7QR,pending,,,,,,,
GREG RICHMOND LIMITED,05386444,10.0,09-03-2005,23 West Avenue Exeter England EX4 4SD,pending,,,,,,,
LINDSELL TRAIN LIMITED,03941727,10.0,07-03-2000,66 Buckingham Gate London England SW1E 6AU,pending,,,,,,,
BRICKLANE TECHNOLOGIES LTD,09170265,10.0,11-08-2014,19-23 Ironmonger Row London England EC1V 3QN,pending,,,,,,,
HOVE CAPITAL MANAGEMENT LTD,03424396,10.0,26-08-1997,3rd Floor 207 Regent Street London W1B 3HH,pending,,,,,,,
DWS ALTERNATIVES GLOBAL LIMITED,05603289,10.0,26-10-2005,21 Moorfields London United Kingdom EC2Y 9DB,pending,,,,,,,
SENECA PARTNERS LIMITED,07196273,10.0,19-03-2010,9 The Parks Newton-Le-Willows England WA12 0JQ,pending,,,,,,,
WMG FUNDS LIMITED,05237578,10.0,21-09-2004,239-241 Kennington Lane London United Kingdom SE11 5QU,pending,,,,,,,
ARES MANAGEMENT LIMITED,05837428,10.0,05-06-2006,"C/O Tmf Group,  13th Floor London United Kingdom EC2R 7HJ",pending,,,,,,,
BRICEAMERY CAPITAL LTD,05523093,10.0,29-07-2005,8 Devonshire Square London England EC2M 4YJ,pending,,,,,,,
381 INVESTMENTS LIMITED,07330809,10.0,30-07-2010,Suite L3 Chatteris PE16 6TT,pending,,,,,,,
MACQUARIE INFRASTRUCTURE AND REAL ASSETS (EUROPE) LIMITED,03976881,10.0,19-04-2000,Ropemaker Place London EC2Y 9HD,pending,,,,,,,
COGNIS CAPITAL MANAGEMENT LIMITED,06668733,10.0,08-08-2008,71-75 Shelton Street London WC2H 9JQ,pending,,,,,,,
DIMENSIONAL FUND ADVISORS LTD.,02569601,10.0,19-12-1990,20 Triton Street London NW1 3BF,pending,,,,,,,
THE PRIVATE INFRASTRUCTURE DEVELOPMENT GROUP LIMITED,11265124,10.0,20-03-2018,6 Bevis Marks London England EC3A 7BA,pending,,,,,,,
RWC PARTNERS LIMITED,03517613,10.0,26-02-1998,Verde 4th Floor London England SW1E 5DH,pending,,,,,,,
DRAGON PARTNERS LIMITED,03388419,10.0,18-06-1997,49 St James's Street London England SW1A 1AH,pending,,,,,,,
ROYAL LONDON UNIT TRUST MANAGERS LIMITED,02372439,10.0,14-04-1989,80 Fenchurch Street London United Kingdom EC3M 4BY,pending,,,,,,,
CULROSS GLOBAL MANAGEMENT LIMITED,02736036,10.0,30-07-1992,8-10 Hill Street London England W1J 5NG,pending,,,,,,,
GAM INTERNATIONAL MANAGEMENT LIMITED,01802911,10.0,26-03-1984,8 Finsbury Circus London England EC2M 7GB,pending,,,,,,,
RAEF CAPITAL LTD.,10246180,10.0,22-06-2016,438 Streatham High Road London England SW16 3PX,pending,,,,,,,
SUMITOMO MITSUI DS ASSET MANAGEMENT (UK) LIMITED,01660184,10.0,25-08-1982,100 Liverpool Street London United Kingdom EC2M 2AT,pending,,,,,,,
COLLEGIATE HOUSE LIMITED,02727604,10.0,01-07-1992,143-149 Fenchurch Street London England EC3M 6BN,pending,,,,,,,
GUINNESS CAPITAL MANAGEMENT LIMITED,07084333,10.0,23-11-2009,18 Smith Square London England SW1P 3HZ,pending,,,,,,,
MACANIE INVESTMENTS LIMITED,00595844,10.0,20-12-1957,Cohen Arnold New Burlington House 1075 London England NW11 0PU,pending,,,,,,,
ARGENT FUND MANAGEMENT LIMITED,03187591,10.0,18-04-1996,5 Market Yard Mews London United Kingdom SE1 3TQ,pending,,,,,,,
MBM CAPITAL INVESTMENTS LIMITED,07376667,10.0,15-09-2010,3 Hill Street London W1J 5LB,pending,,,,,,,
ASHTENNE INDUSTRIAL (GENERAL PARTNER) LIMITED,04222557,10.0,23-05-2001,3 Copthall Avenue London England EC2R 7BH,pending,,,,,,,
ALAN PARKER ESTATES LTD,11495548,10.0,01-08-2018,59 59 Kenton Road Harrow England HA3 0AP,pending,,,,,,,
MOORGATE INVESTMENT MANAGEMENT LIMITED,02405166,10.0,17-07-1989,Cannon Place London England EC4N 6HL,pending,,,,,,,
K2 INVESTMENT MANAGEMENT LIMITED,06757026,10.0,24-11-2008,Pyramid House London England N12 9RT,pending,,,,,,,
HENDERSON ROWE LIMITED,04379340,10.0,22-02-2002,1 London Street Reading RG1 4PN,pending,,,,,,,
INVESCO UK LIMITED,03004959,10.0,19-12-1994,Perpetual Park Henley-On-Thames RG9 1HH,pending,,,,,,,
FINDLAY PARK INVESTMENT MANAGEMENT LIMITED,03386539,10.0,13-06-1997,2nd Floor 16 New Burlington Place London England W1S 2HX,pending,,,,,,,
ARTEMIS FUND MANAGERS LIMITED,01988106,10.0,11-02-1986,Cassini House London SW1A 1LD,pending,,,,,,,
SEILERN INVESTMENT MANAGEMENT LTD.,02962937,10.0,26-08-1994,"3rd Floor,  Burdett House London England WC2N 6DU",pending,,,,,,,
THELEME SERVICES LIMITED,06978736,10.0,03-08-2009,65 Curzon Street London England W1J 8PE,pending,,,,,,,
AFKAR PLUS LTD,12996379,10.0,04-11-2020,128 City Road London United Kingdom EC1V 2NX,pending,,,,,,,
CONSULTA LIMITED,02203991,10.0,09-12-1987,19-21 Old Bond Street London England W1S 4PX,pending,,,,,,,
FIELDINGS INVESTMENT MANAGEMENT LIMITED,02958085,10.0,12-08-1994,100 Wood Street London England EC2V 7AN,pending,,,,,,,
CG ASSET MANAGEMENT LIMITED,04056163,10.0,21-08-2000,20 King Street London England EC2V 8EG,pending,,,,,,,
DIAMOND CAPITAL HOLDINGS LTD,10357887,10.0,02-09-2016,1 Berkeley Street London United Kingdom W1J 8DJ,pending,,,,,,,
FMR INVESTMENT MANAGEMENT (UK) LIMITED,05942395,10.0,21-09-2006,25 Cannon Street London England EC4M 5SB,pending,,,,,,,
TOKIO MARINE ASSET MANAGEMENT (LONDON) LIMITED,02534139,10.0,24-08-1990,20 Fenchurch Street London EC3M 3BY,pending,,,,,,,
MERSEYLINK (ISSUER) PLC,08896313,10.0,14-02-2014,9 Howard Court Runcorn England WA7 1SJ,pending,,,,,,,
WM CAPITAL MANAGEMENT LIMITED,07042526,10.0,14-10-2009,80 Coleman Street London England EC2R 5BJ,pending,,,,,,,
BLUEBAY ASSET MANAGEMENT (SERVICES) LTD,03262598,10.0,11-10-1996,100 Bishopsgate London England EC2N 4AA,pending,,,,,,,
MORANT WRIGHT MANAGEMENT LIMITED,03692692,10.0,07-01-1999,43 St. James's Place London SW1A 1NS,pending,,,,,,,
HARBERT EUROPEAN FUND ADVISORS LIMITED,05384713,10.0,08-03-2005,45 Old Bond Street London England W1S 4QT,pending,,,,,,,
THOMAS MILLER INVESTMENT LTD.,02187502,10.0,03-11-1987,90 Fenchurch Street London EC3M 4ST,pending,,,,,,,
PATHWAY CAPITAL MANAGEMENT (UK) LIMITED,05531075,10.0,08-08-2005,14 Upper St. Martin's Lane London England WC2H 9FB,pending,,,,,,,
KEYHAVEN CAPITAL PARTNERS LIMITED,04562641,10.0,15-10-2002,45 Whitfield Street London England W1T 4HD,pending,,,,,,,
ZOUK VENTURES LIMITED,03754987,10.0,20-04-1999,26 Ives Street London United Kingdom SW3 2ND,pending,,,,,,,
NURTRIO LIMITED,06204479,10.0,05-04-2007,"Unit 5,  Acorn Business Park Grimsby England DN32 0LT",pending,,,,,,,
AVIVA INVESTORS GLOBAL SERVICES LIMITED,01151805,10.0,17-12-1973,80 Fenchurch Street London United Kingdom EC3M 4AE,pending,,,,,,,
NATIXIS INVESTMENT MANAGERS UK LIMITED,03680538,10.0,08-12-1998,Level 4 Cannon Bridge House London United Kingdom EC4R 2YA,pending,,,,,,,
ASHIK SHAH & CO LIMITED,04551353,10.0,02-10-2002,33 Foley Street London England W1W 7TL,pending,,,,,,,
FCA FINANCE CONSULTING AKTIENGESELLSCHAFT LTD,05509943,10.0,15-07-2005,"Unit 3,  Office A,  1st Floor London England EC3R 8EE",pending,,,,,,,
IRONSIDE GENERAL PARTNER LIMITED,07462016,10.0,07-12-2010,6th Floor Kings House London England SW1Y 4BP,pending,,,,,,,
HERMITAGE CAPITAL MANAGEMENT (UK) LIMITED,05775751,10.0,10-04-2006,The Aspect London England EC2A 1AS,pending,,,,,,,
MATTHEW TURNBULL LIMITED,00408446,10.0,15-04-1946,23 Chandos Road Buckingham England MK18 1AL,pending,,,,,,,
CITY OF LONDON INVESTMENT MANAGEMENT COMPANY LIMITED,02851236,10.0,07-09-1993,77 Gracechurch Street London EC3V 0AS,pending,,,,,,,
VALERIDGE INVESTMENTS LIMITED,03939768,10.0,03-03-2000,C/O M C Patel & Co Hillingdon Harrow HA3 9DP,pending,,,,,,,
VITRUVIAN PARTNERS LIMITED,05946871,10.0,26-09-2006,105 Wigmore Street London W1U 1QY,pending,,,,,,,
PUNTER SOUTHALL WEALTH LIMITED,05374633,10.0,24-02-2005,88 Wood Street London England EC2V 7QR,pending,,,,,,,
BROMPTON REAL ESTATE INVESTMENT MANAGEMENT LIMITED,06891842,10.0,29-04-2009,1 Knightsbridge Green London SW1X 7QA,pending,,,,,,,
FANGLAA UK TRADING LTD,13072169,10.0,09-12-2020,20-22 Wenlock Road London England N1 7GU,pending,,,,,,,
WEST COMMON INVESTMENTS LIMITED,00795163,10.0,09-03-1964,6th Floor 9 Appold Street London United Kingdom EC2A 2AP,pending,,,,,,,
BROMPTON ASSET MANAGEMENT LIMITED,06866020,10.0,01-04-2009,1 Knightsbridge Green London SW1X 7QA,pending,,,,,,,
TROY ASSET MANAGEMENT LIMITED,03930846,10.0,22-02-2000,33 Davies Street London United Kingdom W1K 4BP,pending,,,,,,,
INNISFREE IMPPP SLP LIMITED,04363921,10.0,30-01-2002,"1st Floor,  Boundary House London United Kingdom EC1M 6HR",pending,,,,,,,
INNISFREE EXGP CONTINUATION LIMITED,05651389,10.0,12-12-2005,"1st Floor,  Boundary House London United Kingdom EC1M 6HR",pending,,,,,,,
